/Users/vadimkotlarskij/Desktop/Python/Lab2/dataset1/leopard/0071.jpg,dataset1/leopard/0071.jpg,leopard
/Users/vadimkotlarskij/Desktop/Python/Lab2/dataset1/leopard/0717.jpg,dataset1/leopard/0717.jpg,leopard
/Users/vadimkotlarskij/Desktop/Python/Lab2/dataset1/leopard/0703.jpg,dataset1/leopard/0703.jpg,leopard
/Users/vadimkotlarskij/Desktop/Python/Lab2/dataset1/leopard/0065.jpg,dataset1/leopard/0065.jpg,leopard
/Users/vadimkotlarskij/Desktop/Python/Lab2/dataset1/leopard/0059.jpg,dataset1/leopard/0059.jpg,leopard
/Users/vadimkotlarskij/Desktop/Python/Lab2/dataset1/leopard/0918.jpg,dataset1/leopard/0918.jpg,leopard
/Users/vadimkotlarskij/Desktop/Python/Lab2/dataset1/leopard/0930.jpg,dataset1/leopard/0930.jpg,leopard
/Users/vadimkotlarskij/Desktop/Python/Lab2/dataset1/leopard/0924.jpg,dataset1/leopard/0924.jpg,leopard
/Users/vadimkotlarskij/Desktop/Python/Lab2/dataset1/leopard/0515.jpg,dataset1/leopard/0515.jpg,leopard
/Users/vadimkotlarskij/Desktop/Python/Lab2/dataset1/leopard/0273.jpg,dataset1/leopard/0273.jpg,leopard
/Users/vadimkotlarskij/Desktop/Python/Lab2/dataset1/leopard/0267.jpg,dataset1/leopard/0267.jpg,leopard
/Users/vadimkotlarskij/Desktop/Python/Lab2/dataset1/leopard/0501.jpg,dataset1/leopard/0501.jpg,leopard
/Users/vadimkotlarskij/Desktop/Python/Lab2/dataset1/leopard/0529.jpg,dataset1/leopard/0529.jpg,leopard
/Users/vadimkotlarskij/Desktop/Python/Lab2/dataset1/leopard/0298.jpg,dataset1/leopard/0298.jpg,leopard
/Users/vadimkotlarskij/Desktop/Python/Lab2/dataset1/leopard/0461.jpg,dataset1/leopard/0461.jpg,leopard
/Users/vadimkotlarskij/Desktop/Python/Lab2/dataset1/leopard/0307.jpg,dataset1/leopard/0307.jpg,leopard
/Users/vadimkotlarskij/Desktop/Python/Lab2/dataset1/leopard/0313.jpg,dataset1/leopard/0313.jpg,leopard
/Users/vadimkotlarskij/Desktop/Python/Lab2/dataset1/leopard/0475.jpg,dataset1/leopard/0475.jpg,leopard
/Users/vadimkotlarskij/Desktop/Python/Lab2/dataset1/leopard/0449.jpg,dataset1/leopard/0449.jpg,leopard
/Users/vadimkotlarskij/Desktop/Python/Lab2/dataset1/leopard/0105.jpg,dataset1/leopard/0105.jpg,leopard
/Users/vadimkotlarskij/Desktop/Python/Lab2/dataset1/leopard/0663.jpg,dataset1/leopard/0663.jpg,leopard
/Users/vadimkotlarskij/Desktop/Python/Lab2/dataset1/leopard/0677.jpg,dataset1/leopard/0677.jpg,leopard
/Users/vadimkotlarskij/Desktop/Python/Lab2/dataset1/leopard/0111.jpg,dataset1/leopard/0111.jpg,leopard
/Users/vadimkotlarskij/Desktop/Python/Lab2/dataset1/leopard/0139.jpg,dataset1/leopard/0139.jpg,leopard
/Users/vadimkotlarskij/Desktop/Python/Lab2/dataset1/leopard/0887.jpg,dataset1/leopard/0887.jpg,leopard
/Users/vadimkotlarskij/Desktop/Python/Lab2/dataset1/leopard/0893.jpg,dataset1/leopard/0893.jpg,leopard
/Users/vadimkotlarskij/Desktop/Python/Lab2/dataset1/leopard/0878.jpg,dataset1/leopard/0878.jpg,leopard
/Users/vadimkotlarskij/Desktop/Python/Lab2/dataset1/leopard/0844.jpg,dataset1/leopard/0844.jpg,leopard
/Users/vadimkotlarskij/Desktop/Python/Lab2/dataset1/leopard/0688.jpg,dataset1/leopard/0688.jpg,leopard
/Users/vadimkotlarskij/Desktop/Python/Lab2/dataset1/leopard/0850.jpg,dataset1/leopard/0850.jpg,leopard
/Users/vadimkotlarskij/Desktop/Python/Lab2/dataset1/leopard/0851.jpg,dataset1/leopard/0851.jpg,leopard
/Users/vadimkotlarskij/Desktop/Python/Lab2/dataset1/leopard/0689.jpg,dataset1/leopard/0689.jpg,leopard
/Users/vadimkotlarskij/Desktop/Python/Lab2/dataset1/leopard/0845.jpg,dataset1/leopard/0845.jpg,leopard
/Users/vadimkotlarskij/Desktop/Python/Lab2/dataset1/leopard/0879.jpg,dataset1/leopard/0879.jpg,leopard
/Users/vadimkotlarskij/Desktop/Python/Lab2/dataset1/leopard/0892.jpg,dataset1/leopard/0892.jpg,leopard
/Users/vadimkotlarskij/Desktop/Python/Lab2/dataset1/leopard/0138.jpg,dataset1/leopard/0138.jpg,leopard
/Users/vadimkotlarskij/Desktop/Python/Lab2/dataset1/leopard/0886.jpg,dataset1/leopard/0886.jpg,leopard
/Users/vadimkotlarskij/Desktop/Python/Lab2/dataset1/leopard/0676.jpg,dataset1/leopard/0676.jpg,leopard
/Users/vadimkotlarskij/Desktop/Python/Lab2/dataset1/leopard/0110.jpg,dataset1/leopard/0110.jpg,leopard
/Users/vadimkotlarskij/Desktop/Python/Lab2/dataset1/leopard/0104.jpg,dataset1/leopard/0104.jpg,leopard
/Users/vadimkotlarskij/Desktop/Python/Lab2/dataset1/leopard/0662.jpg,dataset1/leopard/0662.jpg,leopard
/Users/vadimkotlarskij/Desktop/Python/Lab2/dataset1/leopard/0448.jpg,dataset1/leopard/0448.jpg,leopard
/Users/vadimkotlarskij/Desktop/Python/Lab2/dataset1/leopard/0312.jpg,dataset1/leopard/0312.jpg,leopard
/Users/vadimkotlarskij/Desktop/Python/Lab2/dataset1/leopard/0474.jpg,dataset1/leopard/0474.jpg,leopard
/Users/vadimkotlarskij/Desktop/Python/Lab2/dataset1/leopard/0460.jpg,dataset1/leopard/0460.jpg,leopard
/Users/vadimkotlarskij/Desktop/Python/Lab2/dataset1/leopard/0306.jpg,dataset1/leopard/0306.jpg,leopard
/Users/vadimkotlarskij/Desktop/Python/Lab2/dataset1/leopard/0299.jpg,dataset1/leopard/0299.jpg,leopard
/Users/vadimkotlarskij/Desktop/Python/Lab2/dataset1/leopard/0528.jpg,dataset1/leopard/0528.jpg,leopard
/Users/vadimkotlarskij/Desktop/Python/Lab2/dataset1/leopard/0266.jpg,dataset1/leopard/0266.jpg,leopard
/Users/vadimkotlarskij/Desktop/Python/Lab2/dataset1/leopard/0500.jpg,dataset1/leopard/0500.jpg,leopard
/Users/vadimkotlarskij/Desktop/Python/Lab2/dataset1/leopard/0514.jpg,dataset1/leopard/0514.jpg,leopard
/Users/vadimkotlarskij/Desktop/Python/Lab2/dataset1/leopard/0272.jpg,dataset1/leopard/0272.jpg,leopard
/Users/vadimkotlarskij/Desktop/Python/Lab2/dataset1/leopard/0925.jpg,dataset1/leopard/0925.jpg,leopard
/Users/vadimkotlarskij/Desktop/Python/Lab2/dataset1/leopard/0931.jpg,dataset1/leopard/0931.jpg,leopard
/Users/vadimkotlarskij/Desktop/Python/Lab2/dataset1/leopard/0919.jpg,dataset1/leopard/0919.jpg,leopard
/Users/vadimkotlarskij/Desktop/Python/Lab2/dataset1/leopard/0058.jpg,dataset1/leopard/0058.jpg,leopard
/Users/vadimkotlarskij/Desktop/Python/Lab2/dataset1/leopard/0702.jpg,dataset1/leopard/0702.jpg,leopard
/Users/vadimkotlarskij/Desktop/Python/Lab2/dataset1/leopard/0064.jpg,dataset1/leopard/0064.jpg,leopard
/Users/vadimkotlarskij/Desktop/Python/Lab2/dataset1/leopard/0070.jpg,dataset1/leopard/0070.jpg,leopard
/Users/vadimkotlarskij/Desktop/Python/Lab2/dataset1/leopard/0716.jpg,dataset1/leopard/0716.jpg,leopard
/Users/vadimkotlarskij/Desktop/Python/Lab2/dataset1/leopard/0066.jpg,dataset1/leopard/0066.jpg,leopard
/Users/vadimkotlarskij/Desktop/Python/Lab2/dataset1/leopard/0700.jpg,dataset1/leopard/0700.jpg,leopard
/Users/vadimkotlarskij/Desktop/Python/Lab2/dataset1/leopard/0714.jpg,dataset1/leopard/0714.jpg,leopard
/Users/vadimkotlarskij/Desktop/Python/Lab2/dataset1/leopard/0072.jpg,dataset1/leopard/0072.jpg,leopard
/Users/vadimkotlarskij/Desktop/Python/Lab2/dataset1/leopard/0728.jpg,dataset1/leopard/0728.jpg,leopard
/Users/vadimkotlarskij/Desktop/Python/Lab2/dataset1/leopard/0099.jpg,dataset1/leopard/0099.jpg,leopard
/Users/vadimkotlarskij/Desktop/Python/Lab2/dataset1/leopard/0927.jpg,dataset1/leopard/0927.jpg,leopard
/Users/vadimkotlarskij/Desktop/Python/Lab2/dataset1/leopard/0933.jpg,dataset1/leopard/0933.jpg,leopard
/Users/vadimkotlarskij/Desktop/Python/Lab2/dataset1/leopard/0502.jpg,dataset1/leopard/0502.jpg,leopard
/Users/vadimkotlarskij/Desktop/Python/Lab2/dataset1/leopard/0264.jpg,dataset1/leopard/0264.jpg,leopard
/Users/vadimkotlarskij/Desktop/Python/Lab2/dataset1/leopard/0270.jpg,dataset1/leopard/0270.jpg,leopard
/Users/vadimkotlarskij/Desktop/Python/Lab2/dataset1/leopard/0516.jpg,dataset1/leopard/0516.jpg,leopard
/Users/vadimkotlarskij/Desktop/Python/Lab2/dataset1/leopard/0258.jpg,dataset1/leopard/0258.jpg,leopard
/Users/vadimkotlarskij/Desktop/Python/Lab2/dataset1/leopard/0476.jpg,dataset1/leopard/0476.jpg,leopard
/Users/vadimkotlarskij/Desktop/Python/Lab2/dataset1/leopard/0310.jpg,dataset1/leopard/0310.jpg,leopard
/Users/vadimkotlarskij/Desktop/Python/Lab2/dataset1/leopard/0304.jpg,dataset1/leopard/0304.jpg,leopard
/Users/vadimkotlarskij/Desktop/Python/Lab2/dataset1/leopard/0462.jpg,dataset1/leopard/0462.jpg,leopard
/Users/vadimkotlarskij/Desktop/Python/Lab2/dataset1/leopard/0338.jpg,dataset1/leopard/0338.jpg,leopard
/Users/vadimkotlarskij/Desktop/Python/Lab2/dataset1/leopard/0489.jpg,dataset1/leopard/0489.jpg,leopard
/Users/vadimkotlarskij/Desktop/Python/Lab2/dataset1/leopard/0112.jpg,dataset1/leopard/0112.jpg,leopard
/Users/vadimkotlarskij/Desktop/Python/Lab2/dataset1/leopard/0674.jpg,dataset1/leopard/0674.jpg,leopard
/Users/vadimkotlarskij/Desktop/Python/Lab2/dataset1/leopard/0660.jpg,dataset1/leopard/0660.jpg,leopard
/Users/vadimkotlarskij/Desktop/Python/Lab2/dataset1/leopard/0106.jpg,dataset1/leopard/0106.jpg,leopard
/Users/vadimkotlarskij/Desktop/Python/Lab2/dataset1/leopard/0890.jpg,dataset1/leopard/0890.jpg,leopard
/Users/vadimkotlarskij/Desktop/Python/Lab2/dataset1/leopard/0648.jpg,dataset1/leopard/0648.jpg,leopard
/Users/vadimkotlarskij/Desktop/Python/Lab2/dataset1/leopard/0884.jpg,dataset1/leopard/0884.jpg,leopard
/Users/vadimkotlarskij/Desktop/Python/Lab2/dataset1/leopard/0853.jpg,dataset1/leopard/0853.jpg,leopard
/Users/vadimkotlarskij/Desktop/Python/Lab2/dataset1/leopard/0847.jpg,dataset1/leopard/0847.jpg,leopard
/Users/vadimkotlarskij/Desktop/Python/Lab2/dataset1/leopard/0846.jpg,dataset1/leopard/0846.jpg,leopard
/Users/vadimkotlarskij/Desktop/Python/Lab2/dataset1/leopard/0852.jpg,dataset1/leopard/0852.jpg,leopard
/Users/vadimkotlarskij/Desktop/Python/Lab2/dataset1/leopard/0885.jpg,dataset1/leopard/0885.jpg,leopard
/Users/vadimkotlarskij/Desktop/Python/Lab2/dataset1/leopard/0649.jpg,dataset1/leopard/0649.jpg,leopard
/Users/vadimkotlarskij/Desktop/Python/Lab2/dataset1/leopard/0891.jpg,dataset1/leopard/0891.jpg,leopard
/Users/vadimkotlarskij/Desktop/Python/Lab2/dataset1/leopard/0661.jpg,dataset1/leopard/0661.jpg,leopard
/Users/vadimkotlarskij/Desktop/Python/Lab2/dataset1/leopard/0107.jpg,dataset1/leopard/0107.jpg,leopard
/Users/vadimkotlarskij/Desktop/Python/Lab2/dataset1/leopard/0113.jpg,dataset1/leopard/0113.jpg,leopard
/Users/vadimkotlarskij/Desktop/Python/Lab2/dataset1/leopard/0675.jpg,dataset1/leopard/0675.jpg,leopard
/Users/vadimkotlarskij/Desktop/Python/Lab2/dataset1/leopard/0488.jpg,dataset1/leopard/0488.jpg,leopard
/Users/vadimkotlarskij/Desktop/Python/Lab2/dataset1/leopard/0339.jpg,dataset1/leopard/0339.jpg,leopard
/Users/vadimkotlarskij/Desktop/Python/Lab2/dataset1/leopard/0305.jpg,dataset1/leopard/0305.jpg,leopard
/Users/vadimkotlarskij/Desktop/Python/Lab2/dataset1/leopard/0463.jpg,dataset1/leopard/0463.jpg,leopard
/Users/vadimkotlarskij/Desktop/Python/Lab2/dataset1/leopard/0477.jpg,dataset1/leopard/0477.jpg,leopard
/Users/vadimkotlarskij/Desktop/Python/Lab2/dataset1/leopard/0311.jpg,dataset1/leopard/0311.jpg,leopard
/Users/vadimkotlarskij/Desktop/Python/Lab2/dataset1/leopard/0259.jpg,dataset1/leopard/0259.jpg,leopard
/Users/vadimkotlarskij/Desktop/Python/Lab2/dataset1/leopard/0271.jpg,dataset1/leopard/0271.jpg,leopard
/Users/vadimkotlarskij/Desktop/Python/Lab2/dataset1/leopard/0517.jpg,dataset1/leopard/0517.jpg,leopard
/Users/vadimkotlarskij/Desktop/Python/Lab2/dataset1/leopard/0503.jpg,dataset1/leopard/0503.jpg,leopard
/Users/vadimkotlarskij/Desktop/Python/Lab2/dataset1/leopard/0265.jpg,dataset1/leopard/0265.jpg,leopard
/Users/vadimkotlarskij/Desktop/Python/Lab2/dataset1/leopard/0932.jpg,dataset1/leopard/0932.jpg,leopard
/Users/vadimkotlarskij/Desktop/Python/Lab2/dataset1/leopard/0098.jpg,dataset1/leopard/0098.jpg,leopard
/Users/vadimkotlarskij/Desktop/Python/Lab2/dataset1/leopard/0926.jpg,dataset1/leopard/0926.jpg,leopard
/Users/vadimkotlarskij/Desktop/Python/Lab2/dataset1/leopard/0729.jpg,dataset1/leopard/0729.jpg,leopard
/Users/vadimkotlarskij/Desktop/Python/Lab2/dataset1/leopard/0715.jpg,dataset1/leopard/0715.jpg,leopard
/Users/vadimkotlarskij/Desktop/Python/Lab2/dataset1/leopard/0073.jpg,dataset1/leopard/0073.jpg,leopard
/Users/vadimkotlarskij/Desktop/Python/Lab2/dataset1/leopard/0067.jpg,dataset1/leopard/0067.jpg,leopard
/Users/vadimkotlarskij/Desktop/Python/Lab2/dataset1/leopard/0701.jpg,dataset1/leopard/0701.jpg,leopard
/Users/vadimkotlarskij/Desktop/Python/Lab2/dataset1/leopard/0739.jpg,dataset1/leopard/0739.jpg,leopard
/Users/vadimkotlarskij/Desktop/Python/Lab2/dataset1/leopard/0705.jpg,dataset1/leopard/0705.jpg,leopard
/Users/vadimkotlarskij/Desktop/Python/Lab2/dataset1/leopard/0063.jpg,dataset1/leopard/0063.jpg,leopard
/Users/vadimkotlarskij/Desktop/Python/Lab2/dataset1/leopard/0077.jpg,dataset1/leopard/0077.jpg,leopard
/Users/vadimkotlarskij/Desktop/Python/Lab2/dataset1/leopard/0711.jpg,dataset1/leopard/0711.jpg,leopard
/Users/vadimkotlarskij/Desktop/Python/Lab2/dataset1/leopard/0922.jpg,dataset1/leopard/0922.jpg,leopard
/Users/vadimkotlarskij/Desktop/Python/Lab2/dataset1/leopard/0088.jpg,dataset1/leopard/0088.jpg,leopard
/Users/vadimkotlarskij/Desktop/Python/Lab2/dataset1/leopard/0936.jpg,dataset1/leopard/0936.jpg,leopard
/Users/vadimkotlarskij/Desktop/Python/Lab2/dataset1/leopard/0249.jpg,dataset1/leopard/0249.jpg,leopard
/Users/vadimkotlarskij/Desktop/Python/Lab2/dataset1/leopard/0261.jpg,dataset1/leopard/0261.jpg,leopard
/Users/vadimkotlarskij/Desktop/Python/Lab2/dataset1/leopard/0507.jpg,dataset1/leopard/0507.jpg,leopard
/Users/vadimkotlarskij/Desktop/Python/Lab2/dataset1/leopard/0513.jpg,dataset1/leopard/0513.jpg,leopard
/Users/vadimkotlarskij/Desktop/Python/Lab2/dataset1/leopard/0275.jpg,dataset1/leopard/0275.jpg,leopard
/Users/vadimkotlarskij/Desktop/Python/Lab2/dataset1/leopard/0329.jpg,dataset1/leopard/0329.jpg,leopard
/Users/vadimkotlarskij/Desktop/Python/Lab2/dataset1/leopard/0315.jpg,dataset1/leopard/0315.jpg,leopard
/Users/vadimkotlarskij/Desktop/Python/Lab2/dataset1/leopard/0473.jpg,dataset1/leopard/0473.jpg,leopard
/Users/vadimkotlarskij/Desktop/Python/Lab2/dataset1/leopard/0467.jpg,dataset1/leopard/0467.jpg,leopard
/Users/vadimkotlarskij/Desktop/Python/Lab2/dataset1/leopard/0301.jpg,dataset1/leopard/0301.jpg,leopard
/Users/vadimkotlarskij/Desktop/Python/Lab2/dataset1/leopard/0498.jpg,dataset1/leopard/0498.jpg,leopard
/Users/vadimkotlarskij/Desktop/Python/Lab2/dataset1/leopard/0895.jpg,dataset1/leopard/0895.jpg,leopard
/Users/vadimkotlarskij/Desktop/Python/Lab2/dataset1/leopard/0881.jpg,dataset1/leopard/0881.jpg,leopard
/Users/vadimkotlarskij/Desktop/Python/Lab2/dataset1/leopard/0659.jpg,dataset1/leopard/0659.jpg,leopard
/Users/vadimkotlarskij/Desktop/Python/Lab2/dataset1/leopard/0671.jpg,dataset1/leopard/0671.jpg,leopard
/Users/vadimkotlarskij/Desktop/Python/Lab2/dataset1/leopard/0117.jpg,dataset1/leopard/0117.jpg,leopard
/Users/vadimkotlarskij/Desktop/Python/Lab2/dataset1/leopard/0103.jpg,dataset1/leopard/0103.jpg,leopard
/Users/vadimkotlarskij/Desktop/Python/Lab2/dataset1/leopard/0665.jpg,dataset1/leopard/0665.jpg,leopard
/Users/vadimkotlarskij/Desktop/Python/Lab2/dataset1/leopard/0856.jpg,dataset1/leopard/0856.jpg,leopard
/Users/vadimkotlarskij/Desktop/Python/Lab2/dataset1/leopard/0842.jpg,dataset1/leopard/0842.jpg,leopard
/Users/vadimkotlarskij/Desktop/Python/Lab2/dataset1/leopard/0843.jpg,dataset1/leopard/0843.jpg,leopard
/Users/vadimkotlarskij/Desktop/Python/Lab2/dataset1/leopard/0857.jpg,dataset1/leopard/0857.jpg,leopard
/Users/vadimkotlarskij/Desktop/Python/Lab2/dataset1/leopard/0102.jpg,dataset1/leopard/0102.jpg,leopard
/Users/vadimkotlarskij/Desktop/Python/Lab2/dataset1/leopard/0664.jpg,dataset1/leopard/0664.jpg,leopard
/Users/vadimkotlarskij/Desktop/Python/Lab2/dataset1/leopard/0670.jpg,dataset1/leopard/0670.jpg,leopard
/Users/vadimkotlarskij/Desktop/Python/Lab2/dataset1/leopard/0116.jpg,dataset1/leopard/0116.jpg,leopard
/Users/vadimkotlarskij/Desktop/Python/Lab2/dataset1/leopard/0658.jpg,dataset1/leopard/0658.jpg,leopard
/Users/vadimkotlarskij/Desktop/Python/Lab2/dataset1/leopard/0880.jpg,dataset1/leopard/0880.jpg,leopard
/Users/vadimkotlarskij/Desktop/Python/Lab2/dataset1/leopard/0894.jpg,dataset1/leopard/0894.jpg,leopard
/Users/vadimkotlarskij/Desktop/Python/Lab2/dataset1/leopard/0499.jpg,dataset1/leopard/0499.jpg,leopard
/Users/vadimkotlarskij/Desktop/Python/Lab2/dataset1/leopard/0466.jpg,dataset1/leopard/0466.jpg,leopard
/Users/vadimkotlarskij/Desktop/Python/Lab2/dataset1/leopard/0300.jpg,dataset1/leopard/0300.jpg,leopard
/Users/vadimkotlarskij/Desktop/Python/Lab2/dataset1/leopard/0314.jpg,dataset1/leopard/0314.jpg,leopard
/Users/vadimkotlarskij/Desktop/Python/Lab2/dataset1/leopard/0472.jpg,dataset1/leopard/0472.jpg,leopard
/Users/vadimkotlarskij/Desktop/Python/Lab2/dataset1/leopard/0328.jpg,dataset1/leopard/0328.jpg,leopard
/Users/vadimkotlarskij/Desktop/Python/Lab2/dataset1/leopard/0512.jpg,dataset1/leopard/0512.jpg,leopard
/Users/vadimkotlarskij/Desktop/Python/Lab2/dataset1/leopard/0274.jpg,dataset1/leopard/0274.jpg,leopard
/Users/vadimkotlarskij/Desktop/Python/Lab2/dataset1/leopard/0260.jpg,dataset1/leopard/0260.jpg,leopard
/Users/vadimkotlarskij/Desktop/Python/Lab2/dataset1/leopard/0506.jpg,dataset1/leopard/0506.jpg,leopard
/Users/vadimkotlarskij/Desktop/Python/Lab2/dataset1/leopard/0248.jpg,dataset1/leopard/0248.jpg,leopard
/Users/vadimkotlarskij/Desktop/Python/Lab2/dataset1/leopard/0089.jpg,dataset1/leopard/0089.jpg,leopard
/Users/vadimkotlarskij/Desktop/Python/Lab2/dataset1/leopard/0937.jpg,dataset1/leopard/0937.jpg,leopard
/Users/vadimkotlarskij/Desktop/Python/Lab2/dataset1/leopard/0923.jpg,dataset1/leopard/0923.jpg,leopard
/Users/vadimkotlarskij/Desktop/Python/Lab2/dataset1/leopard/0076.jpg,dataset1/leopard/0076.jpg,leopard
/Users/vadimkotlarskij/Desktop/Python/Lab2/dataset1/leopard/0710.jpg,dataset1/leopard/0710.jpg,leopard
/Users/vadimkotlarskij/Desktop/Python/Lab2/dataset1/leopard/0704.jpg,dataset1/leopard/0704.jpg,leopard
/Users/vadimkotlarskij/Desktop/Python/Lab2/dataset1/leopard/0062.jpg,dataset1/leopard/0062.jpg,leopard
/Users/vadimkotlarskij/Desktop/Python/Lab2/dataset1/leopard/0738.jpg,dataset1/leopard/0738.jpg,leopard
/Users/vadimkotlarskij/Desktop/Python/Lab2/dataset1/leopard/0048.jpg,dataset1/leopard/0048.jpg,leopard
/Users/vadimkotlarskij/Desktop/Python/Lab2/dataset1/leopard/0712.jpg,dataset1/leopard/0712.jpg,leopard
/Users/vadimkotlarskij/Desktop/Python/Lab2/dataset1/leopard/0074.jpg,dataset1/leopard/0074.jpg,leopard
/Users/vadimkotlarskij/Desktop/Python/Lab2/dataset1/leopard/0060.jpg,dataset1/leopard/0060.jpg,leopard
/Users/vadimkotlarskij/Desktop/Python/Lab2/dataset1/leopard/0706.jpg,dataset1/leopard/0706.jpg,leopard
/Users/vadimkotlarskij/Desktop/Python/Lab2/dataset1/leopard/0935.jpg,dataset1/leopard/0935.jpg,leopard
/Users/vadimkotlarskij/Desktop/Python/Lab2/dataset1/leopard/0921.jpg,dataset1/leopard/0921.jpg,leopard
/Users/vadimkotlarskij/Desktop/Python/Lab2/dataset1/leopard/0909.jpg,dataset1/leopard/0909.jpg,leopard
/Users/vadimkotlarskij/Desktop/Python/Lab2/dataset1/leopard/0538.jpg,dataset1/leopard/0538.jpg,leopard
/Users/vadimkotlarskij/Desktop/Python/Lab2/dataset1/leopard/0276.jpg,dataset1/leopard/0276.jpg,leopard
/Users/vadimkotlarskij/Desktop/Python/Lab2/dataset1/leopard/0510.jpg,dataset1/leopard/0510.jpg,leopard
/Users/vadimkotlarskij/Desktop/Python/Lab2/dataset1/leopard/0504.jpg,dataset1/leopard/0504.jpg,leopard
/Users/vadimkotlarskij/Desktop/Python/Lab2/dataset1/leopard/0262.jpg,dataset1/leopard/0262.jpg,leopard
/Users/vadimkotlarskij/Desktop/Python/Lab2/dataset1/leopard/0289.jpg,dataset1/leopard/0289.jpg,leopard
/Users/vadimkotlarskij/Desktop/Python/Lab2/dataset1/leopard/0458.jpg,dataset1/leopard/0458.jpg,leopard
/Users/vadimkotlarskij/Desktop/Python/Lab2/dataset1/leopard/0302.jpg,dataset1/leopard/0302.jpg,leopard
/Users/vadimkotlarskij/Desktop/Python/Lab2/dataset1/leopard/0464.jpg,dataset1/leopard/0464.jpg,leopard
/Users/vadimkotlarskij/Desktop/Python/Lab2/dataset1/leopard/0470.jpg,dataset1/leopard/0470.jpg,leopard
/Users/vadimkotlarskij/Desktop/Python/Lab2/dataset1/leopard/0316.jpg,dataset1/leopard/0316.jpg,leopard
/Users/vadimkotlarskij/Desktop/Python/Lab2/dataset1/leopard/0882.jpg,dataset1/leopard/0882.jpg,leopard
/Users/vadimkotlarskij/Desktop/Python/Lab2/dataset1/leopard/0128.jpg,dataset1/leopard/0128.jpg,leopard
/Users/vadimkotlarskij/Desktop/Python/Lab2/dataset1/leopard/0896.jpg,dataset1/leopard/0896.jpg,leopard
/Users/vadimkotlarskij/Desktop/Python/Lab2/dataset1/leopard/0666.jpg,dataset1/leopard/0666.jpg,leopard
/Users/vadimkotlarskij/Desktop/Python/Lab2/dataset1/leopard/0100.jpg,dataset1/leopard/0100.jpg,leopard
/Users/vadimkotlarskij/Desktop/Python/Lab2/dataset1/leopard/0114.jpg,dataset1/leopard/0114.jpg,leopard
/Users/vadimkotlarskij/Desktop/Python/Lab2/dataset1/leopard/0672.jpg,dataset1/leopard/0672.jpg,leopard
/Users/vadimkotlarskij/Desktop/Python/Lab2/dataset1/leopard/0699.jpg,dataset1/leopard/0699.jpg,leopard
/Users/vadimkotlarskij/Desktop/Python/Lab2/dataset1/leopard/0841.jpg,dataset1/leopard/0841.jpg,leopard
/Users/vadimkotlarskij/Desktop/Python/Lab2/dataset1/leopard/0855.jpg,dataset1/leopard/0855.jpg,leopard
/Users/vadimkotlarskij/Desktop/Python/Lab2/dataset1/leopard/0869.jpg,dataset1/leopard/0869.jpg,leopard
/Users/vadimkotlarskij/Desktop/Python/Lab2/dataset1/leopard/0868.jpg,dataset1/leopard/0868.jpg,leopard
/Users/vadimkotlarskij/Desktop/Python/Lab2/dataset1/leopard/0854.jpg,dataset1/leopard/0854.jpg,leopard
/Users/vadimkotlarskij/Desktop/Python/Lab2/dataset1/leopard/0840.jpg,dataset1/leopard/0840.jpg,leopard
/Users/vadimkotlarskij/Desktop/Python/Lab2/dataset1/leopard/0698.jpg,dataset1/leopard/0698.jpg,leopard
/Users/vadimkotlarskij/Desktop/Python/Lab2/dataset1/leopard/0115.jpg,dataset1/leopard/0115.jpg,leopard
/Users/vadimkotlarskij/Desktop/Python/Lab2/dataset1/leopard/0673.jpg,dataset1/leopard/0673.jpg,leopard
/Users/vadimkotlarskij/Desktop/Python/Lab2/dataset1/leopard/0667.jpg,dataset1/leopard/0667.jpg,leopard
/Users/vadimkotlarskij/Desktop/Python/Lab2/dataset1/leopard/0101.jpg,dataset1/leopard/0101.jpg,leopard
/Users/vadimkotlarskij/Desktop/Python/Lab2/dataset1/leopard/0129.jpg,dataset1/leopard/0129.jpg,leopard
/Users/vadimkotlarskij/Desktop/Python/Lab2/dataset1/leopard/0897.jpg,dataset1/leopard/0897.jpg,leopard
/Users/vadimkotlarskij/Desktop/Python/Lab2/dataset1/leopard/0883.jpg,dataset1/leopard/0883.jpg,leopard
/Users/vadimkotlarskij/Desktop/Python/Lab2/dataset1/leopard/0471.jpg,dataset1/leopard/0471.jpg,leopard
/Users/vadimkotlarskij/Desktop/Python/Lab2/dataset1/leopard/0317.jpg,dataset1/leopard/0317.jpg,leopard
/Users/vadimkotlarskij/Desktop/Python/Lab2/dataset1/leopard/0303.jpg,dataset1/leopard/0303.jpg,leopard
/Users/vadimkotlarskij/Desktop/Python/Lab2/dataset1/leopard/0465.jpg,dataset1/leopard/0465.jpg,leopard
/Users/vadimkotlarskij/Desktop/Python/Lab2/dataset1/leopard/0459.jpg,dataset1/leopard/0459.jpg,leopard
/Users/vadimkotlarskij/Desktop/Python/Lab2/dataset1/leopard/0288.jpg,dataset1/leopard/0288.jpg,leopard
/Users/vadimkotlarskij/Desktop/Python/Lab2/dataset1/leopard/0505.jpg,dataset1/leopard/0505.jpg,leopard
/Users/vadimkotlarskij/Desktop/Python/Lab2/dataset1/leopard/0263.jpg,dataset1/leopard/0263.jpg,leopard
/Users/vadimkotlarskij/Desktop/Python/Lab2/dataset1/leopard/0277.jpg,dataset1/leopard/0277.jpg,leopard
/Users/vadimkotlarskij/Desktop/Python/Lab2/dataset1/leopard/0511.jpg,dataset1/leopard/0511.jpg,leopard
/Users/vadimkotlarskij/Desktop/Python/Lab2/dataset1/leopard/0539.jpg,dataset1/leopard/0539.jpg,leopard
/Users/vadimkotlarskij/Desktop/Python/Lab2/dataset1/leopard/0908.jpg,dataset1/leopard/0908.jpg,leopard
/Users/vadimkotlarskij/Desktop/Python/Lab2/dataset1/leopard/0920.jpg,dataset1/leopard/0920.jpg,leopard
/Users/vadimkotlarskij/Desktop/Python/Lab2/dataset1/leopard/0934.jpg,dataset1/leopard/0934.jpg,leopard
/Users/vadimkotlarskij/Desktop/Python/Lab2/dataset1/leopard/0061.jpg,dataset1/leopard/0061.jpg,leopard
/Users/vadimkotlarskij/Desktop/Python/Lab2/dataset1/leopard/0707.jpg,dataset1/leopard/0707.jpg,leopard
/Users/vadimkotlarskij/Desktop/Python/Lab2/dataset1/leopard/0713.jpg,dataset1/leopard/0713.jpg,leopard
/Users/vadimkotlarskij/Desktop/Python/Lab2/dataset1/leopard/0075.jpg,dataset1/leopard/0075.jpg,leopard
/Users/vadimkotlarskij/Desktop/Python/Lab2/dataset1/leopard/0049.jpg,dataset1/leopard/0049.jpg,leopard
/Users/vadimkotlarskij/Desktop/Python/Lab2/dataset1/leopard/0774.jpg,dataset1/leopard/0774.jpg,leopard
/Users/vadimkotlarskij/Desktop/Python/Lab2/dataset1/leopard/0012.jpg,dataset1/leopard/0012.jpg,leopard
/Users/vadimkotlarskij/Desktop/Python/Lab2/dataset1/leopard/0006.jpg,dataset1/leopard/0006.jpg,leopard
/Users/vadimkotlarskij/Desktop/Python/Lab2/dataset1/leopard/0760.jpg,dataset1/leopard/0760.jpg,leopard
/Users/vadimkotlarskij/Desktop/Python/Lab2/dataset1/leopard/0748.jpg,dataset1/leopard/0748.jpg,leopard
/Users/vadimkotlarskij/Desktop/Python/Lab2/dataset1/leopard/0953.jpg,dataset1/leopard/0953.jpg,leopard
/Users/vadimkotlarskij/Desktop/Python/Lab2/dataset1/leopard/0947.jpg,dataset1/leopard/0947.jpg,leopard
/Users/vadimkotlarskij/Desktop/Python/Lab2/dataset1/leopard/0210.jpg,dataset1/leopard/0210.jpg,leopard
/Users/vadimkotlarskij/Desktop/Python/Lab2/dataset1/leopard/0576.jpg,dataset1/leopard/0576.jpg,leopard
/Users/vadimkotlarskij/Desktop/Python/Lab2/dataset1/leopard/0562.jpg,dataset1/leopard/0562.jpg,leopard
/Users/vadimkotlarskij/Desktop/Python/Lab2/dataset1/leopard/0204.jpg,dataset1/leopard/0204.jpg,leopard
/Users/vadimkotlarskij/Desktop/Python/Lab2/dataset1/leopard/0238.jpg,dataset1/leopard/0238.jpg,leopard
/Users/vadimkotlarskij/Desktop/Python/Lab2/dataset1/leopard/0589.jpg,dataset1/leopard/0589.jpg,leopard
/Users/vadimkotlarskij/Desktop/Python/Lab2/dataset1/leopard/0364.jpg,dataset1/leopard/0364.jpg,leopard
/Users/vadimkotlarskij/Desktop/Python/Lab2/dataset1/leopard/0402.jpg,dataset1/leopard/0402.jpg,leopard
/Users/vadimkotlarskij/Desktop/Python/Lab2/dataset1/leopard/0416.jpg,dataset1/leopard/0416.jpg,leopard
/Users/vadimkotlarskij/Desktop/Python/Lab2/dataset1/leopard/0370.jpg,dataset1/leopard/0370.jpg,leopard
/Users/vadimkotlarskij/Desktop/Python/Lab2/dataset1/leopard/0358.jpg,dataset1/leopard/0358.jpg,leopard
/Users/vadimkotlarskij/Desktop/Python/Lab2/dataset1/leopard/0600.jpg,dataset1/leopard/0600.jpg,leopard
/Users/vadimkotlarskij/Desktop/Python/Lab2/dataset1/leopard/0166.jpg,dataset1/leopard/0166.jpg,leopard
/Users/vadimkotlarskij/Desktop/Python/Lab2/dataset1/leopard/0172.jpg,dataset1/leopard/0172.jpg,leopard
/Users/vadimkotlarskij/Desktop/Python/Lab2/dataset1/leopard/0614.jpg,dataset1/leopard/0614.jpg,leopard
/Users/vadimkotlarskij/Desktop/Python/Lab2/dataset1/leopard/0628.jpg,dataset1/leopard/0628.jpg,leopard
/Users/vadimkotlarskij/Desktop/Python/Lab2/dataset1/leopard/0827.jpg,dataset1/leopard/0827.jpg,leopard
/Users/vadimkotlarskij/Desktop/Python/Lab2/dataset1/leopard/0199.jpg,dataset1/leopard/0199.jpg,leopard
/Users/vadimkotlarskij/Desktop/Python/Lab2/dataset1/leopard/0833.jpg,dataset1/leopard/0833.jpg,leopard
/Users/vadimkotlarskij/Desktop/Python/Lab2/dataset1/leopard/0832.jpg,dataset1/leopard/0832.jpg,leopard
/Users/vadimkotlarskij/Desktop/Python/Lab2/dataset1/leopard/0826.jpg,dataset1/leopard/0826.jpg,leopard
/Users/vadimkotlarskij/Desktop/Python/Lab2/dataset1/leopard/0198.jpg,dataset1/leopard/0198.jpg,leopard
/Users/vadimkotlarskij/Desktop/Python/Lab2/dataset1/leopard/0629.jpg,dataset1/leopard/0629.jpg,leopard
/Users/vadimkotlarskij/Desktop/Python/Lab2/dataset1/leopard/0173.jpg,dataset1/leopard/0173.jpg,leopard
/Users/vadimkotlarskij/Desktop/Python/Lab2/dataset1/leopard/0615.jpg,dataset1/leopard/0615.jpg,leopard
/Users/vadimkotlarskij/Desktop/Python/Lab2/dataset1/leopard/0601.jpg,dataset1/leopard/0601.jpg,leopard
/Users/vadimkotlarskij/Desktop/Python/Lab2/dataset1/leopard/0167.jpg,dataset1/leopard/0167.jpg,leopard
/Users/vadimkotlarskij/Desktop/Python/Lab2/dataset1/leopard/0359.jpg,dataset1/leopard/0359.jpg,leopard
/Users/vadimkotlarskij/Desktop/Python/Lab2/dataset1/leopard/0417.jpg,dataset1/leopard/0417.jpg,leopard
/Users/vadimkotlarskij/Desktop/Python/Lab2/dataset1/leopard/0371.jpg,dataset1/leopard/0371.jpg,leopard
/Users/vadimkotlarskij/Desktop/Python/Lab2/dataset1/leopard/0365.jpg,dataset1/leopard/0365.jpg,leopard
/Users/vadimkotlarskij/Desktop/Python/Lab2/dataset1/leopard/0403.jpg,dataset1/leopard/0403.jpg,leopard
/Users/vadimkotlarskij/Desktop/Python/Lab2/dataset1/leopard/0588.jpg,dataset1/leopard/0588.jpg,leopard
/Users/vadimkotlarskij/Desktop/Python/Lab2/dataset1/leopard/0239.jpg,dataset1/leopard/0239.jpg,leopard
/Users/vadimkotlarskij/Desktop/Python/Lab2/dataset1/leopard/0563.jpg,dataset1/leopard/0563.jpg,leopard
/Users/vadimkotlarskij/Desktop/Python/Lab2/dataset1/leopard/0205.jpg,dataset1/leopard/0205.jpg,leopard
/Users/vadimkotlarskij/Desktop/Python/Lab2/dataset1/leopard/0211.jpg,dataset1/leopard/0211.jpg,leopard
/Users/vadimkotlarskij/Desktop/Python/Lab2/dataset1/leopard/0577.jpg,dataset1/leopard/0577.jpg,leopard
/Users/vadimkotlarskij/Desktop/Python/Lab2/dataset1/leopard/0946.jpg,dataset1/leopard/0946.jpg,leopard
/Users/vadimkotlarskij/Desktop/Python/Lab2/dataset1/leopard/0952.jpg,dataset1/leopard/0952.jpg,leopard
/Users/vadimkotlarskij/Desktop/Python/Lab2/dataset1/leopard/0749.jpg,dataset1/leopard/0749.jpg,leopard
/Users/vadimkotlarskij/Desktop/Python/Lab2/dataset1/leopard/0007.jpg,dataset1/leopard/0007.jpg,leopard
/Users/vadimkotlarskij/Desktop/Python/Lab2/dataset1/leopard/0761.jpg,dataset1/leopard/0761.jpg,leopard
/Users/vadimkotlarskij/Desktop/Python/Lab2/dataset1/leopard/0775.jpg,dataset1/leopard/0775.jpg,leopard
/Users/vadimkotlarskij/Desktop/Python/Lab2/dataset1/leopard/0013.jpg,dataset1/leopard/0013.jpg,leopard
/Users/vadimkotlarskij/Desktop/Python/Lab2/dataset1/leopard/0763.jpg,dataset1/leopard/0763.jpg,leopard
/Users/vadimkotlarskij/Desktop/Python/Lab2/dataset1/leopard/0005.jpg,dataset1/leopard/0005.jpg,leopard
/Users/vadimkotlarskij/Desktop/Python/Lab2/dataset1/leopard/0011.jpg,dataset1/leopard/0011.jpg,leopard
/Users/vadimkotlarskij/Desktop/Python/Lab2/dataset1/leopard/0777.jpg,dataset1/leopard/0777.jpg,leopard
/Users/vadimkotlarskij/Desktop/Python/Lab2/dataset1/leopard/0039.jpg,dataset1/leopard/0039.jpg,leopard
/Users/vadimkotlarskij/Desktop/Python/Lab2/dataset1/leopard/0944.jpg,dataset1/leopard/0944.jpg,leopard
/Users/vadimkotlarskij/Desktop/Python/Lab2/dataset1/leopard/0950.jpg,dataset1/leopard/0950.jpg,leopard
/Users/vadimkotlarskij/Desktop/Python/Lab2/dataset1/leopard/0788.jpg,dataset1/leopard/0788.jpg,leopard
/Users/vadimkotlarskij/Desktop/Python/Lab2/dataset1/leopard/0207.jpg,dataset1/leopard/0207.jpg,leopard
/Users/vadimkotlarskij/Desktop/Python/Lab2/dataset1/leopard/0561.jpg,dataset1/leopard/0561.jpg,leopard
/Users/vadimkotlarskij/Desktop/Python/Lab2/dataset1/leopard/0575.jpg,dataset1/leopard/0575.jpg,leopard
/Users/vadimkotlarskij/Desktop/Python/Lab2/dataset1/leopard/0213.jpg,dataset1/leopard/0213.jpg,leopard
/Users/vadimkotlarskij/Desktop/Python/Lab2/dataset1/leopard/0549.jpg,dataset1/leopard/0549.jpg,leopard
/Users/vadimkotlarskij/Desktop/Python/Lab2/dataset1/leopard/0373.jpg,dataset1/leopard/0373.jpg,leopard
/Users/vadimkotlarskij/Desktop/Python/Lab2/dataset1/leopard/0415.jpg,dataset1/leopard/0415.jpg,leopard
/Users/vadimkotlarskij/Desktop/Python/Lab2/dataset1/leopard/0401.jpg,dataset1/leopard/0401.jpg,leopard
/Users/vadimkotlarskij/Desktop/Python/Lab2/dataset1/leopard/0367.jpg,dataset1/leopard/0367.jpg,leopard
/Users/vadimkotlarskij/Desktop/Python/Lab2/dataset1/leopard/0429.jpg,dataset1/leopard/0429.jpg,leopard
/Users/vadimkotlarskij/Desktop/Python/Lab2/dataset1/leopard/0398.jpg,dataset1/leopard/0398.jpg,leopard
/Users/vadimkotlarskij/Desktop/Python/Lab2/dataset1/leopard/0617.jpg,dataset1/leopard/0617.jpg,leopard
/Users/vadimkotlarskij/Desktop/Python/Lab2/dataset1/leopard/0171.jpg,dataset1/leopard/0171.jpg,leopard
/Users/vadimkotlarskij/Desktop/Python/Lab2/dataset1/leopard/0165.jpg,dataset1/leopard/0165.jpg,leopard
/Users/vadimkotlarskij/Desktop/Python/Lab2/dataset1/leopard/0603.jpg,dataset1/leopard/0603.jpg,leopard
/Users/vadimkotlarskij/Desktop/Python/Lab2/dataset1/leopard/0159.jpg,dataset1/leopard/0159.jpg,leopard
/Users/vadimkotlarskij/Desktop/Python/Lab2/dataset1/leopard/0818.jpg,dataset1/leopard/0818.jpg,leopard
/Users/vadimkotlarskij/Desktop/Python/Lab2/dataset1/leopard/0830.jpg,dataset1/leopard/0830.jpg,leopard
/Users/vadimkotlarskij/Desktop/Python/Lab2/dataset1/leopard/0824.jpg,dataset1/leopard/0824.jpg,leopard
/Users/vadimkotlarskij/Desktop/Python/Lab2/dataset1/leopard/0825.jpg,dataset1/leopard/0825.jpg,leopard
/Users/vadimkotlarskij/Desktop/Python/Lab2/dataset1/leopard/0831.jpg,dataset1/leopard/0831.jpg,leopard
/Users/vadimkotlarskij/Desktop/Python/Lab2/dataset1/leopard/0819.jpg,dataset1/leopard/0819.jpg,leopard
/Users/vadimkotlarskij/Desktop/Python/Lab2/dataset1/leopard/0158.jpg,dataset1/leopard/0158.jpg,leopard
/Users/vadimkotlarskij/Desktop/Python/Lab2/dataset1/leopard/0164.jpg,dataset1/leopard/0164.jpg,leopard
/Users/vadimkotlarskij/Desktop/Python/Lab2/dataset1/leopard/0602.jpg,dataset1/leopard/0602.jpg,leopard
/Users/vadimkotlarskij/Desktop/Python/Lab2/dataset1/leopard/0616.jpg,dataset1/leopard/0616.jpg,leopard
/Users/vadimkotlarskij/Desktop/Python/Lab2/dataset1/leopard/0170.jpg,dataset1/leopard/0170.jpg,leopard
/Users/vadimkotlarskij/Desktop/Python/Lab2/dataset1/leopard/0399.jpg,dataset1/leopard/0399.jpg,leopard
/Users/vadimkotlarskij/Desktop/Python/Lab2/dataset1/leopard/0428.jpg,dataset1/leopard/0428.jpg,leopard
/Users/vadimkotlarskij/Desktop/Python/Lab2/dataset1/leopard/0400.jpg,dataset1/leopard/0400.jpg,leopard
/Users/vadimkotlarskij/Desktop/Python/Lab2/dataset1/leopard/0366.jpg,dataset1/leopard/0366.jpg,leopard
/Users/vadimkotlarskij/Desktop/Python/Lab2/dataset1/leopard/0372.jpg,dataset1/leopard/0372.jpg,leopard
/Users/vadimkotlarskij/Desktop/Python/Lab2/dataset1/leopard/0414.jpg,dataset1/leopard/0414.jpg,leopard
/Users/vadimkotlarskij/Desktop/Python/Lab2/dataset1/leopard/0548.jpg,dataset1/leopard/0548.jpg,leopard
/Users/vadimkotlarskij/Desktop/Python/Lab2/dataset1/leopard/0574.jpg,dataset1/leopard/0574.jpg,leopard
/Users/vadimkotlarskij/Desktop/Python/Lab2/dataset1/leopard/0212.jpg,dataset1/leopard/0212.jpg,leopard
/Users/vadimkotlarskij/Desktop/Python/Lab2/dataset1/leopard/0206.jpg,dataset1/leopard/0206.jpg,leopard
/Users/vadimkotlarskij/Desktop/Python/Lab2/dataset1/leopard/0560.jpg,dataset1/leopard/0560.jpg,leopard
/Users/vadimkotlarskij/Desktop/Python/Lab2/dataset1/leopard/0789.jpg,dataset1/leopard/0789.jpg,leopard
/Users/vadimkotlarskij/Desktop/Python/Lab2/dataset1/leopard/0951.jpg,dataset1/leopard/0951.jpg,leopard
/Users/vadimkotlarskij/Desktop/Python/Lab2/dataset1/leopard/0945.jpg,dataset1/leopard/0945.jpg,leopard
/Users/vadimkotlarskij/Desktop/Python/Lab2/dataset1/leopard/0038.jpg,dataset1/leopard/0038.jpg,leopard
/Users/vadimkotlarskij/Desktop/Python/Lab2/dataset1/leopard/0010.jpg,dataset1/leopard/0010.jpg,leopard
/Users/vadimkotlarskij/Desktop/Python/Lab2/dataset1/leopard/0776.jpg,dataset1/leopard/0776.jpg,leopard
/Users/vadimkotlarskij/Desktop/Python/Lab2/dataset1/leopard/0762.jpg,dataset1/leopard/0762.jpg,leopard
/Users/vadimkotlarskij/Desktop/Python/Lab2/dataset1/leopard/0004.jpg,dataset1/leopard/0004.jpg,leopard
/Users/vadimkotlarskij/Desktop/Python/Lab2/dataset1/leopard/0028.jpg,dataset1/leopard/0028.jpg,leopard
/Users/vadimkotlarskij/Desktop/Python/Lab2/dataset1/leopard/0000.jpg,dataset1/leopard/0000.jpg,leopard
/Users/vadimkotlarskij/Desktop/Python/Lab2/dataset1/leopard/0766.jpg,dataset1/leopard/0766.jpg,leopard
/Users/vadimkotlarskij/Desktop/Python/Lab2/dataset1/leopard/0772.jpg,dataset1/leopard/0772.jpg,leopard
/Users/vadimkotlarskij/Desktop/Python/Lab2/dataset1/leopard/0014.jpg,dataset1/leopard/0014.jpg,leopard
/Users/vadimkotlarskij/Desktop/Python/Lab2/dataset1/leopard/0941.jpg,dataset1/leopard/0941.jpg,leopard
/Users/vadimkotlarskij/Desktop/Python/Lab2/dataset1/leopard/0799.jpg,dataset1/leopard/0799.jpg,leopard
/Users/vadimkotlarskij/Desktop/Python/Lab2/dataset1/leopard/0955.jpg,dataset1/leopard/0955.jpg,leopard
/Users/vadimkotlarskij/Desktop/Python/Lab2/dataset1/leopard/0558.jpg,dataset1/leopard/0558.jpg,leopard
/Users/vadimkotlarskij/Desktop/Python/Lab2/dataset1/leopard/0564.jpg,dataset1/leopard/0564.jpg,leopard
/Users/vadimkotlarskij/Desktop/Python/Lab2/dataset1/leopard/0202.jpg,dataset1/leopard/0202.jpg,leopard
/Users/vadimkotlarskij/Desktop/Python/Lab2/dataset1/leopard/0216.jpg,dataset1/leopard/0216.jpg,leopard
/Users/vadimkotlarskij/Desktop/Python/Lab2/dataset1/leopard/0570.jpg,dataset1/leopard/0570.jpg,leopard
/Users/vadimkotlarskij/Desktop/Python/Lab2/dataset1/leopard/0438.jpg,dataset1/leopard/0438.jpg,leopard
/Users/vadimkotlarskij/Desktop/Python/Lab2/dataset1/leopard/0410.jpg,dataset1/leopard/0410.jpg,leopard
/Users/vadimkotlarskij/Desktop/Python/Lab2/dataset1/leopard/0376.jpg,dataset1/leopard/0376.jpg,leopard
/Users/vadimkotlarskij/Desktop/Python/Lab2/dataset1/leopard/0362.jpg,dataset1/leopard/0362.jpg,leopard
/Users/vadimkotlarskij/Desktop/Python/Lab2/dataset1/leopard/0404.jpg,dataset1/leopard/0404.jpg,leopard
/Users/vadimkotlarskij/Desktop/Python/Lab2/dataset1/leopard/0389.jpg,dataset1/leopard/0389.jpg,leopard
/Users/vadimkotlarskij/Desktop/Python/Lab2/dataset1/leopard/0148.jpg,dataset1/leopard/0148.jpg,leopard
/Users/vadimkotlarskij/Desktop/Python/Lab2/dataset1/leopard/0174.jpg,dataset1/leopard/0174.jpg,leopard
/Users/vadimkotlarskij/Desktop/Python/Lab2/dataset1/leopard/0612.jpg,dataset1/leopard/0612.jpg,leopard
/Users/vadimkotlarskij/Desktop/Python/Lab2/dataset1/leopard/0606.jpg,dataset1/leopard/0606.jpg,leopard
/Users/vadimkotlarskij/Desktop/Python/Lab2/dataset1/leopard/0160.jpg,dataset1/leopard/0160.jpg,leopard
/Users/vadimkotlarskij/Desktop/Python/Lab2/dataset1/leopard/0835.jpg,dataset1/leopard/0835.jpg,leopard
/Users/vadimkotlarskij/Desktop/Python/Lab2/dataset1/leopard/0821.jpg,dataset1/leopard/0821.jpg,leopard
/Users/vadimkotlarskij/Desktop/Python/Lab2/dataset1/leopard/0809.jpg,dataset1/leopard/0809.jpg,leopard
/Users/vadimkotlarskij/Desktop/Python/Lab2/dataset1/leopard/0808.jpg,dataset1/leopard/0808.jpg,leopard
/Users/vadimkotlarskij/Desktop/Python/Lab2/dataset1/leopard/0820.jpg,dataset1/leopard/0820.jpg,leopard
/Users/vadimkotlarskij/Desktop/Python/Lab2/dataset1/leopard/0834.jpg,dataset1/leopard/0834.jpg,leopard
/Users/vadimkotlarskij/Desktop/Python/Lab2/dataset1/leopard/0607.jpg,dataset1/leopard/0607.jpg,leopard
/Users/vadimkotlarskij/Desktop/Python/Lab2/dataset1/leopard/0161.jpg,dataset1/leopard/0161.jpg,leopard
/Users/vadimkotlarskij/Desktop/Python/Lab2/dataset1/leopard/0175.jpg,dataset1/leopard/0175.jpg,leopard
/Users/vadimkotlarskij/Desktop/Python/Lab2/dataset1/leopard/0613.jpg,dataset1/leopard/0613.jpg,leopard
/Users/vadimkotlarskij/Desktop/Python/Lab2/dataset1/leopard/0149.jpg,dataset1/leopard/0149.jpg,leopard
/Users/vadimkotlarskij/Desktop/Python/Lab2/dataset1/leopard/0388.jpg,dataset1/leopard/0388.jpg,leopard
/Users/vadimkotlarskij/Desktop/Python/Lab2/dataset1/leopard/0363.jpg,dataset1/leopard/0363.jpg,leopard
/Users/vadimkotlarskij/Desktop/Python/Lab2/dataset1/leopard/0405.jpg,dataset1/leopard/0405.jpg,leopard
/Users/vadimkotlarskij/Desktop/Python/Lab2/dataset1/leopard/0411.jpg,dataset1/leopard/0411.jpg,leopard
/Users/vadimkotlarskij/Desktop/Python/Lab2/dataset1/leopard/0377.jpg,dataset1/leopard/0377.jpg,leopard
/Users/vadimkotlarskij/Desktop/Python/Lab2/dataset1/leopard/0439.jpg,dataset1/leopard/0439.jpg,leopard
/Users/vadimkotlarskij/Desktop/Python/Lab2/dataset1/leopard/0217.jpg,dataset1/leopard/0217.jpg,leopard
/Users/vadimkotlarskij/Desktop/Python/Lab2/dataset1/leopard/0571.jpg,dataset1/leopard/0571.jpg,leopard
/Users/vadimkotlarskij/Desktop/Python/Lab2/dataset1/leopard/0565.jpg,dataset1/leopard/0565.jpg,leopard
/Users/vadimkotlarskij/Desktop/Python/Lab2/dataset1/leopard/0203.jpg,dataset1/leopard/0203.jpg,leopard
/Users/vadimkotlarskij/Desktop/Python/Lab2/dataset1/leopard/0559.jpg,dataset1/leopard/0559.jpg,leopard
/Users/vadimkotlarskij/Desktop/Python/Lab2/dataset1/leopard/0954.jpg,dataset1/leopard/0954.jpg,leopard
/Users/vadimkotlarskij/Desktop/Python/Lab2/dataset1/leopard/0798.jpg,dataset1/leopard/0798.jpg,leopard
/Users/vadimkotlarskij/Desktop/Python/Lab2/dataset1/leopard/0940.jpg,dataset1/leopard/0940.jpg,leopard
/Users/vadimkotlarskij/Desktop/Python/Lab2/dataset1/leopard/0773.jpg,dataset1/leopard/0773.jpg,leopard
/Users/vadimkotlarskij/Desktop/Python/Lab2/dataset1/leopard/0015.jpg,dataset1/leopard/0015.jpg,leopard
/Users/vadimkotlarskij/Desktop/Python/Lab2/dataset1/leopard/0001.jpg,dataset1/leopard/0001.jpg,leopard
/Users/vadimkotlarskij/Desktop/Python/Lab2/dataset1/leopard/0767.jpg,dataset1/leopard/0767.jpg,leopard
/Users/vadimkotlarskij/Desktop/Python/Lab2/dataset1/leopard/0029.jpg,dataset1/leopard/0029.jpg,leopard
/Users/vadimkotlarskij/Desktop/Python/Lab2/dataset1/leopard/0759.jpg,dataset1/leopard/0759.jpg,leopard
/Users/vadimkotlarskij/Desktop/Python/Lab2/dataset1/leopard/0017.jpg,dataset1/leopard/0017.jpg,leopard
/Users/vadimkotlarskij/Desktop/Python/Lab2/dataset1/leopard/0771.jpg,dataset1/leopard/0771.jpg,leopard
/Users/vadimkotlarskij/Desktop/Python/Lab2/dataset1/leopard/0765.jpg,dataset1/leopard/0765.jpg,leopard
/Users/vadimkotlarskij/Desktop/Python/Lab2/dataset1/leopard/0003.jpg,dataset1/leopard/0003.jpg,leopard
/Users/vadimkotlarskij/Desktop/Python/Lab2/dataset1/leopard/0956.jpg,dataset1/leopard/0956.jpg,leopard
/Users/vadimkotlarskij/Desktop/Python/Lab2/dataset1/leopard/0942.jpg,dataset1/leopard/0942.jpg,leopard
/Users/vadimkotlarskij/Desktop/Python/Lab2/dataset1/leopard/0229.jpg,dataset1/leopard/0229.jpg,leopard
/Users/vadimkotlarskij/Desktop/Python/Lab2/dataset1/leopard/0573.jpg,dataset1/leopard/0573.jpg,leopard
/Users/vadimkotlarskij/Desktop/Python/Lab2/dataset1/leopard/0215.jpg,dataset1/leopard/0215.jpg,leopard
/Users/vadimkotlarskij/Desktop/Python/Lab2/dataset1/leopard/0201.jpg,dataset1/leopard/0201.jpg,leopard
/Users/vadimkotlarskij/Desktop/Python/Lab2/dataset1/leopard/0567.jpg,dataset1/leopard/0567.jpg,leopard
/Users/vadimkotlarskij/Desktop/Python/Lab2/dataset1/leopard/0598.jpg,dataset1/leopard/0598.jpg,leopard
/Users/vadimkotlarskij/Desktop/Python/Lab2/dataset1/leopard/0349.jpg,dataset1/leopard/0349.jpg,leopard
/Users/vadimkotlarskij/Desktop/Python/Lab2/dataset1/leopard/0407.jpg,dataset1/leopard/0407.jpg,leopard
/Users/vadimkotlarskij/Desktop/Python/Lab2/dataset1/leopard/0361.jpg,dataset1/leopard/0361.jpg,leopard
/Users/vadimkotlarskij/Desktop/Python/Lab2/dataset1/leopard/0375.jpg,dataset1/leopard/0375.jpg,leopard
/Users/vadimkotlarskij/Desktop/Python/Lab2/dataset1/leopard/0413.jpg,dataset1/leopard/0413.jpg,leopard
/Users/vadimkotlarskij/Desktop/Python/Lab2/dataset1/leopard/0639.jpg,dataset1/leopard/0639.jpg,leopard
/Users/vadimkotlarskij/Desktop/Python/Lab2/dataset1/leopard/0163.jpg,dataset1/leopard/0163.jpg,leopard
/Users/vadimkotlarskij/Desktop/Python/Lab2/dataset1/leopard/0605.jpg,dataset1/leopard/0605.jpg,leopard
/Users/vadimkotlarskij/Desktop/Python/Lab2/dataset1/leopard/0611.jpg,dataset1/leopard/0611.jpg,leopard
/Users/vadimkotlarskij/Desktop/Python/Lab2/dataset1/leopard/0177.jpg,dataset1/leopard/0177.jpg,leopard
/Users/vadimkotlarskij/Desktop/Python/Lab2/dataset1/leopard/0822.jpg,dataset1/leopard/0822.jpg,leopard
/Users/vadimkotlarskij/Desktop/Python/Lab2/dataset1/leopard/0836.jpg,dataset1/leopard/0836.jpg,leopard
/Users/vadimkotlarskij/Desktop/Python/Lab2/dataset1/leopard/0188.jpg,dataset1/leopard/0188.jpg,leopard
/Users/vadimkotlarskij/Desktop/Python/Lab2/dataset1/leopard/0837.jpg,dataset1/leopard/0837.jpg,leopard
/Users/vadimkotlarskij/Desktop/Python/Lab2/dataset1/leopard/0189.jpg,dataset1/leopard/0189.jpg,leopard
/Users/vadimkotlarskij/Desktop/Python/Lab2/dataset1/leopard/0823.jpg,dataset1/leopard/0823.jpg,leopard
/Users/vadimkotlarskij/Desktop/Python/Lab2/dataset1/leopard/0610.jpg,dataset1/leopard/0610.jpg,leopard
/Users/vadimkotlarskij/Desktop/Python/Lab2/dataset1/leopard/0176.jpg,dataset1/leopard/0176.jpg,leopard
/Users/vadimkotlarskij/Desktop/Python/Lab2/dataset1/leopard/0162.jpg,dataset1/leopard/0162.jpg,leopard
/Users/vadimkotlarskij/Desktop/Python/Lab2/dataset1/leopard/0604.jpg,dataset1/leopard/0604.jpg,leopard
/Users/vadimkotlarskij/Desktop/Python/Lab2/dataset1/leopard/0638.jpg,dataset1/leopard/0638.jpg,leopard
/Users/vadimkotlarskij/Desktop/Python/Lab2/dataset1/leopard/0374.jpg,dataset1/leopard/0374.jpg,leopard
/Users/vadimkotlarskij/Desktop/Python/Lab2/dataset1/leopard/0412.jpg,dataset1/leopard/0412.jpg,leopard
/Users/vadimkotlarskij/Desktop/Python/Lab2/dataset1/leopard/0406.jpg,dataset1/leopard/0406.jpg,leopard
/Users/vadimkotlarskij/Desktop/Python/Lab2/dataset1/leopard/0360.jpg,dataset1/leopard/0360.jpg,leopard
/Users/vadimkotlarskij/Desktop/Python/Lab2/dataset1/leopard/0348.jpg,dataset1/leopard/0348.jpg,leopard
/Users/vadimkotlarskij/Desktop/Python/Lab2/dataset1/leopard/0599.jpg,dataset1/leopard/0599.jpg,leopard
/Users/vadimkotlarskij/Desktop/Python/Lab2/dataset1/leopard/0200.jpg,dataset1/leopard/0200.jpg,leopard
/Users/vadimkotlarskij/Desktop/Python/Lab2/dataset1/leopard/0566.jpg,dataset1/leopard/0566.jpg,leopard
/Users/vadimkotlarskij/Desktop/Python/Lab2/dataset1/leopard/0572.jpg,dataset1/leopard/0572.jpg,leopard
/Users/vadimkotlarskij/Desktop/Python/Lab2/dataset1/leopard/0214.jpg,dataset1/leopard/0214.jpg,leopard
/Users/vadimkotlarskij/Desktop/Python/Lab2/dataset1/leopard/0228.jpg,dataset1/leopard/0228.jpg,leopard
/Users/vadimkotlarskij/Desktop/Python/Lab2/dataset1/leopard/0943.jpg,dataset1/leopard/0943.jpg,leopard
/Users/vadimkotlarskij/Desktop/Python/Lab2/dataset1/leopard/0957.jpg,dataset1/leopard/0957.jpg,leopard
/Users/vadimkotlarskij/Desktop/Python/Lab2/dataset1/leopard/0764.jpg,dataset1/leopard/0764.jpg,leopard
/Users/vadimkotlarskij/Desktop/Python/Lab2/dataset1/leopard/0002.jpg,dataset1/leopard/0002.jpg,leopard
/Users/vadimkotlarskij/Desktop/Python/Lab2/dataset1/leopard/0016.jpg,dataset1/leopard/0016.jpg,leopard
/Users/vadimkotlarskij/Desktop/Python/Lab2/dataset1/leopard/0770.jpg,dataset1/leopard/0770.jpg,leopard
/Users/vadimkotlarskij/Desktop/Python/Lab2/dataset1/leopard/0758.jpg,dataset1/leopard/0758.jpg,leopard
/Users/vadimkotlarskij/Desktop/Python/Lab2/dataset1/leopard/0755.jpg,dataset1/leopard/0755.jpg,leopard
/Users/vadimkotlarskij/Desktop/Python/Lab2/dataset1/leopard/0033.jpg,dataset1/leopard/0033.jpg,leopard
/Users/vadimkotlarskij/Desktop/Python/Lab2/dataset1/leopard/0027.jpg,dataset1/leopard/0027.jpg,leopard
/Users/vadimkotlarskij/Desktop/Python/Lab2/dataset1/leopard/0741.jpg,dataset1/leopard/0741.jpg,leopard
/Users/vadimkotlarskij/Desktop/Python/Lab2/dataset1/leopard/0769.jpg,dataset1/leopard/0769.jpg,leopard
/Users/vadimkotlarskij/Desktop/Python/Lab2/dataset1/leopard/0796.jpg,dataset1/leopard/0796.jpg,leopard
/Users/vadimkotlarskij/Desktop/Python/Lab2/dataset1/leopard/0782.jpg,dataset1/leopard/0782.jpg,leopard
/Users/vadimkotlarskij/Desktop/Python/Lab2/dataset1/leopard/0231.jpg,dataset1/leopard/0231.jpg,leopard
/Users/vadimkotlarskij/Desktop/Python/Lab2/dataset1/leopard/0557.jpg,dataset1/leopard/0557.jpg,leopard
/Users/vadimkotlarskij/Desktop/Python/Lab2/dataset1/leopard/0543.jpg,dataset1/leopard/0543.jpg,leopard
/Users/vadimkotlarskij/Desktop/Python/Lab2/dataset1/leopard/0225.jpg,dataset1/leopard/0225.jpg,leopard
/Users/vadimkotlarskij/Desktop/Python/Lab2/dataset1/leopard/0219.jpg,dataset1/leopard/0219.jpg,leopard
/Users/vadimkotlarskij/Desktop/Python/Lab2/dataset1/leopard/0594.jpg,dataset1/leopard/0594.jpg,leopard
/Users/vadimkotlarskij/Desktop/Python/Lab2/dataset1/leopard/0580.jpg,dataset1/leopard/0580.jpg,leopard
/Users/vadimkotlarskij/Desktop/Python/Lab2/dataset1/leopard/0345.jpg,dataset1/leopard/0345.jpg,leopard
/Users/vadimkotlarskij/Desktop/Python/Lab2/dataset1/leopard/0423.jpg,dataset1/leopard/0423.jpg,leopard
/Users/vadimkotlarskij/Desktop/Python/Lab2/dataset1/leopard/0437.jpg,dataset1/leopard/0437.jpg,leopard
/Users/vadimkotlarskij/Desktop/Python/Lab2/dataset1/leopard/0351.jpg,dataset1/leopard/0351.jpg,leopard
/Users/vadimkotlarskij/Desktop/Python/Lab2/dataset1/leopard/0379.jpg,dataset1/leopard/0379.jpg,leopard
/Users/vadimkotlarskij/Desktop/Python/Lab2/dataset1/leopard/0386.jpg,dataset1/leopard/0386.jpg,leopard
/Users/vadimkotlarskij/Desktop/Python/Lab2/dataset1/leopard/0392.jpg,dataset1/leopard/0392.jpg,leopard
/Users/vadimkotlarskij/Desktop/Python/Lab2/dataset1/leopard/0621.jpg,dataset1/leopard/0621.jpg,leopard
/Users/vadimkotlarskij/Desktop/Python/Lab2/dataset1/leopard/0147.jpg,dataset1/leopard/0147.jpg,leopard
/Users/vadimkotlarskij/Desktop/Python/Lab2/dataset1/leopard/0153.jpg,dataset1/leopard/0153.jpg,leopard
/Users/vadimkotlarskij/Desktop/Python/Lab2/dataset1/leopard/0635.jpg,dataset1/leopard/0635.jpg,leopard
/Users/vadimkotlarskij/Desktop/Python/Lab2/dataset1/leopard/0609.jpg,dataset1/leopard/0609.jpg,leopard
/Users/vadimkotlarskij/Desktop/Python/Lab2/dataset1/leopard/0184.jpg,dataset1/leopard/0184.jpg,leopard
/Users/vadimkotlarskij/Desktop/Python/Lab2/dataset1/leopard/0190.jpg,dataset1/leopard/0190.jpg,leopard
/Users/vadimkotlarskij/Desktop/Python/Lab2/dataset1/leopard/0806.jpg,dataset1/leopard/0806.jpg,leopard
/Users/vadimkotlarskij/Desktop/Python/Lab2/dataset1/leopard/0812.jpg,dataset1/leopard/0812.jpg,leopard
/Users/vadimkotlarskij/Desktop/Python/Lab2/dataset1/leopard/0813.jpg,dataset1/leopard/0813.jpg,leopard
/Users/vadimkotlarskij/Desktop/Python/Lab2/dataset1/leopard/0807.jpg,dataset1/leopard/0807.jpg,leopard
/Users/vadimkotlarskij/Desktop/Python/Lab2/dataset1/leopard/0191.jpg,dataset1/leopard/0191.jpg,leopard
/Users/vadimkotlarskij/Desktop/Python/Lab2/dataset1/leopard/0185.jpg,dataset1/leopard/0185.jpg,leopard
/Users/vadimkotlarskij/Desktop/Python/Lab2/dataset1/leopard/0608.jpg,dataset1/leopard/0608.jpg,leopard
/Users/vadimkotlarskij/Desktop/Python/Lab2/dataset1/leopard/0152.jpg,dataset1/leopard/0152.jpg,leopard
/Users/vadimkotlarskij/Desktop/Python/Lab2/dataset1/leopard/0634.jpg,dataset1/leopard/0634.jpg,leopard
/Users/vadimkotlarskij/Desktop/Python/Lab2/dataset1/leopard/0620.jpg,dataset1/leopard/0620.jpg,leopard
/Users/vadimkotlarskij/Desktop/Python/Lab2/dataset1/leopard/0146.jpg,dataset1/leopard/0146.jpg,leopard
/Users/vadimkotlarskij/Desktop/Python/Lab2/dataset1/leopard/0393.jpg,dataset1/leopard/0393.jpg,leopard
/Users/vadimkotlarskij/Desktop/Python/Lab2/dataset1/leopard/0387.jpg,dataset1/leopard/0387.jpg,leopard
/Users/vadimkotlarskij/Desktop/Python/Lab2/dataset1/leopard/0378.jpg,dataset1/leopard/0378.jpg,leopard
/Users/vadimkotlarskij/Desktop/Python/Lab2/dataset1/leopard/0436.jpg,dataset1/leopard/0436.jpg,leopard
/Users/vadimkotlarskij/Desktop/Python/Lab2/dataset1/leopard/0350.jpg,dataset1/leopard/0350.jpg,leopard
/Users/vadimkotlarskij/Desktop/Python/Lab2/dataset1/leopard/0344.jpg,dataset1/leopard/0344.jpg,leopard
/Users/vadimkotlarskij/Desktop/Python/Lab2/dataset1/leopard/0422.jpg,dataset1/leopard/0422.jpg,leopard
/Users/vadimkotlarskij/Desktop/Python/Lab2/dataset1/leopard/0581.jpg,dataset1/leopard/0581.jpg,leopard
/Users/vadimkotlarskij/Desktop/Python/Lab2/dataset1/leopard/0595.jpg,dataset1/leopard/0595.jpg,leopard
/Users/vadimkotlarskij/Desktop/Python/Lab2/dataset1/leopard/0218.jpg,dataset1/leopard/0218.jpg,leopard
/Users/vadimkotlarskij/Desktop/Python/Lab2/dataset1/leopard/0542.jpg,dataset1/leopard/0542.jpg,leopard
/Users/vadimkotlarskij/Desktop/Python/Lab2/dataset1/leopard/0224.jpg,dataset1/leopard/0224.jpg,leopard
/Users/vadimkotlarskij/Desktop/Python/Lab2/dataset1/leopard/0230.jpg,dataset1/leopard/0230.jpg,leopard
/Users/vadimkotlarskij/Desktop/Python/Lab2/dataset1/leopard/0556.jpg,dataset1/leopard/0556.jpg,leopard
/Users/vadimkotlarskij/Desktop/Python/Lab2/dataset1/leopard/0783.jpg,dataset1/leopard/0783.jpg,leopard
/Users/vadimkotlarskij/Desktop/Python/Lab2/dataset1/leopard/0797.jpg,dataset1/leopard/0797.jpg,leopard
/Users/vadimkotlarskij/Desktop/Python/Lab2/dataset1/leopard/0768.jpg,dataset1/leopard/0768.jpg,leopard
/Users/vadimkotlarskij/Desktop/Python/Lab2/dataset1/leopard/0026.jpg,dataset1/leopard/0026.jpg,leopard
/Users/vadimkotlarskij/Desktop/Python/Lab2/dataset1/leopard/0740.jpg,dataset1/leopard/0740.jpg,leopard
/Users/vadimkotlarskij/Desktop/Python/Lab2/dataset1/leopard/0754.jpg,dataset1/leopard/0754.jpg,leopard
/Users/vadimkotlarskij/Desktop/Python/Lab2/dataset1/leopard/0032.jpg,dataset1/leopard/0032.jpg,leopard
/Users/vadimkotlarskij/Desktop/Python/Lab2/dataset1/leopard/0742.jpg,dataset1/leopard/0742.jpg,leopard
/Users/vadimkotlarskij/Desktop/Python/Lab2/dataset1/leopard/0024.jpg,dataset1/leopard/0024.jpg,leopard
/Users/vadimkotlarskij/Desktop/Python/Lab2/dataset1/leopard/0030.jpg,dataset1/leopard/0030.jpg,leopard
/Users/vadimkotlarskij/Desktop/Python/Lab2/dataset1/leopard/0756.jpg,dataset1/leopard/0756.jpg,leopard
/Users/vadimkotlarskij/Desktop/Python/Lab2/dataset1/leopard/0018.jpg,dataset1/leopard/0018.jpg,leopard
/Users/vadimkotlarskij/Desktop/Python/Lab2/dataset1/leopard/0959.jpg,dataset1/leopard/0959.jpg,leopard
/Users/vadimkotlarskij/Desktop/Python/Lab2/dataset1/leopard/0781.jpg,dataset1/leopard/0781.jpg,leopard
/Users/vadimkotlarskij/Desktop/Python/Lab2/dataset1/leopard/0795.jpg,dataset1/leopard/0795.jpg,leopard
/Users/vadimkotlarskij/Desktop/Python/Lab2/dataset1/leopard/0226.jpg,dataset1/leopard/0226.jpg,leopard
/Users/vadimkotlarskij/Desktop/Python/Lab2/dataset1/leopard/0540.jpg,dataset1/leopard/0540.jpg,leopard
/Users/vadimkotlarskij/Desktop/Python/Lab2/dataset1/leopard/0554.jpg,dataset1/leopard/0554.jpg,leopard
/Users/vadimkotlarskij/Desktop/Python/Lab2/dataset1/leopard/0232.jpg,dataset1/leopard/0232.jpg,leopard
/Users/vadimkotlarskij/Desktop/Python/Lab2/dataset1/leopard/0568.jpg,dataset1/leopard/0568.jpg,leopard
/Users/vadimkotlarskij/Desktop/Python/Lab2/dataset1/leopard/0583.jpg,dataset1/leopard/0583.jpg,leopard
/Users/vadimkotlarskij/Desktop/Python/Lab2/dataset1/leopard/0597.jpg,dataset1/leopard/0597.jpg,leopard
/Users/vadimkotlarskij/Desktop/Python/Lab2/dataset1/leopard/0352.jpg,dataset1/leopard/0352.jpg,leopard
/Users/vadimkotlarskij/Desktop/Python/Lab2/dataset1/leopard/0434.jpg,dataset1/leopard/0434.jpg,leopard
/Users/vadimkotlarskij/Desktop/Python/Lab2/dataset1/leopard/0420.jpg,dataset1/leopard/0420.jpg,leopard
/Users/vadimkotlarskij/Desktop/Python/Lab2/dataset1/leopard/0346.jpg,dataset1/leopard/0346.jpg,leopard
/Users/vadimkotlarskij/Desktop/Python/Lab2/dataset1/leopard/0408.jpg,dataset1/leopard/0408.jpg,leopard
/Users/vadimkotlarskij/Desktop/Python/Lab2/dataset1/leopard/0391.jpg,dataset1/leopard/0391.jpg,leopard
/Users/vadimkotlarskij/Desktop/Python/Lab2/dataset1/leopard/0385.jpg,dataset1/leopard/0385.jpg,leopard
/Users/vadimkotlarskij/Desktop/Python/Lab2/dataset1/leopard/0636.jpg,dataset1/leopard/0636.jpg,leopard
/Users/vadimkotlarskij/Desktop/Python/Lab2/dataset1/leopard/0150.jpg,dataset1/leopard/0150.jpg,leopard
/Users/vadimkotlarskij/Desktop/Python/Lab2/dataset1/leopard/0144.jpg,dataset1/leopard/0144.jpg,leopard
/Users/vadimkotlarskij/Desktop/Python/Lab2/dataset1/leopard/0622.jpg,dataset1/leopard/0622.jpg,leopard
/Users/vadimkotlarskij/Desktop/Python/Lab2/dataset1/leopard/0178.jpg,dataset1/leopard/0178.jpg,leopard
/Users/vadimkotlarskij/Desktop/Python/Lab2/dataset1/leopard/0193.jpg,dataset1/leopard/0193.jpg,leopard
/Users/vadimkotlarskij/Desktop/Python/Lab2/dataset1/leopard/0187.jpg,dataset1/leopard/0187.jpg,leopard
/Users/vadimkotlarskij/Desktop/Python/Lab2/dataset1/leopard/0839.jpg,dataset1/leopard/0839.jpg,leopard
/Users/vadimkotlarskij/Desktop/Python/Lab2/dataset1/leopard/0811.jpg,dataset1/leopard/0811.jpg,leopard
/Users/vadimkotlarskij/Desktop/Python/Lab2/dataset1/leopard/0805.jpg,dataset1/leopard/0805.jpg,leopard
/Users/vadimkotlarskij/Desktop/Python/Lab2/dataset1/leopard/0804.jpg,dataset1/leopard/0804.jpg,leopard
/Users/vadimkotlarskij/Desktop/Python/Lab2/dataset1/leopard/0810.jpg,dataset1/leopard/0810.jpg,leopard
/Users/vadimkotlarskij/Desktop/Python/Lab2/dataset1/leopard/0186.jpg,dataset1/leopard/0186.jpg,leopard
/Users/vadimkotlarskij/Desktop/Python/Lab2/dataset1/leopard/0838.jpg,dataset1/leopard/0838.jpg,leopard
/Users/vadimkotlarskij/Desktop/Python/Lab2/dataset1/leopard/0192.jpg,dataset1/leopard/0192.jpg,leopard
/Users/vadimkotlarskij/Desktop/Python/Lab2/dataset1/leopard/0179.jpg,dataset1/leopard/0179.jpg,leopard
/Users/vadimkotlarskij/Desktop/Python/Lab2/dataset1/leopard/0145.jpg,dataset1/leopard/0145.jpg,leopard
/Users/vadimkotlarskij/Desktop/Python/Lab2/dataset1/leopard/0623.jpg,dataset1/leopard/0623.jpg,leopard
/Users/vadimkotlarskij/Desktop/Python/Lab2/dataset1/leopard/0637.jpg,dataset1/leopard/0637.jpg,leopard
/Users/vadimkotlarskij/Desktop/Python/Lab2/dataset1/leopard/0151.jpg,dataset1/leopard/0151.jpg,leopard
/Users/vadimkotlarskij/Desktop/Python/Lab2/dataset1/leopard/0384.jpg,dataset1/leopard/0384.jpg,leopard
/Users/vadimkotlarskij/Desktop/Python/Lab2/dataset1/leopard/0390.jpg,dataset1/leopard/0390.jpg,leopard
/Users/vadimkotlarskij/Desktop/Python/Lab2/dataset1/leopard/0409.jpg,dataset1/leopard/0409.jpg,leopard
/Users/vadimkotlarskij/Desktop/Python/Lab2/dataset1/leopard/0421.jpg,dataset1/leopard/0421.jpg,leopard
/Users/vadimkotlarskij/Desktop/Python/Lab2/dataset1/leopard/0347.jpg,dataset1/leopard/0347.jpg,leopard
/Users/vadimkotlarskij/Desktop/Python/Lab2/dataset1/leopard/0353.jpg,dataset1/leopard/0353.jpg,leopard
/Users/vadimkotlarskij/Desktop/Python/Lab2/dataset1/leopard/0435.jpg,dataset1/leopard/0435.jpg,leopard
/Users/vadimkotlarskij/Desktop/Python/Lab2/dataset1/leopard/0596.jpg,dataset1/leopard/0596.jpg,leopard
/Users/vadimkotlarskij/Desktop/Python/Lab2/dataset1/leopard/0582.jpg,dataset1/leopard/0582.jpg,leopard
/Users/vadimkotlarskij/Desktop/Python/Lab2/dataset1/leopard/0569.jpg,dataset1/leopard/0569.jpg,leopard
/Users/vadimkotlarskij/Desktop/Python/Lab2/dataset1/leopard/0555.jpg,dataset1/leopard/0555.jpg,leopard
/Users/vadimkotlarskij/Desktop/Python/Lab2/dataset1/leopard/0233.jpg,dataset1/leopard/0233.jpg,leopard
/Users/vadimkotlarskij/Desktop/Python/Lab2/dataset1/leopard/0227.jpg,dataset1/leopard/0227.jpg,leopard
/Users/vadimkotlarskij/Desktop/Python/Lab2/dataset1/leopard/0541.jpg,dataset1/leopard/0541.jpg,leopard
/Users/vadimkotlarskij/Desktop/Python/Lab2/dataset1/leopard/0794.jpg,dataset1/leopard/0794.jpg,leopard
/Users/vadimkotlarskij/Desktop/Python/Lab2/dataset1/leopard/0780.jpg,dataset1/leopard/0780.jpg,leopard
/Users/vadimkotlarskij/Desktop/Python/Lab2/dataset1/leopard/0958.jpg,dataset1/leopard/0958.jpg,leopard
/Users/vadimkotlarskij/Desktop/Python/Lab2/dataset1/leopard/0019.jpg,dataset1/leopard/0019.jpg,leopard
/Users/vadimkotlarskij/Desktop/Python/Lab2/dataset1/leopard/0031.jpg,dataset1/leopard/0031.jpg,leopard
/Users/vadimkotlarskij/Desktop/Python/Lab2/dataset1/leopard/0757.jpg,dataset1/leopard/0757.jpg,leopard
/Users/vadimkotlarskij/Desktop/Python/Lab2/dataset1/leopard/0743.jpg,dataset1/leopard/0743.jpg,leopard
/Users/vadimkotlarskij/Desktop/Python/Lab2/dataset1/leopard/0025.jpg,dataset1/leopard/0025.jpg,leopard
/Users/vadimkotlarskij/Desktop/Python/Lab2/dataset1/leopard/0009.jpg,dataset1/leopard/0009.jpg,leopard
/Users/vadimkotlarskij/Desktop/Python/Lab2/dataset1/leopard/0021.jpg,dataset1/leopard/0021.jpg,leopard
/Users/vadimkotlarskij/Desktop/Python/Lab2/dataset1/leopard/0747.jpg,dataset1/leopard/0747.jpg,leopard
/Users/vadimkotlarskij/Desktop/Python/Lab2/dataset1/leopard/0753.jpg,dataset1/leopard/0753.jpg,leopard
/Users/vadimkotlarskij/Desktop/Python/Lab2/dataset1/leopard/0035.jpg,dataset1/leopard/0035.jpg,leopard
/Users/vadimkotlarskij/Desktop/Python/Lab2/dataset1/leopard/0960.jpg,dataset1/leopard/0960.jpg,leopard
/Users/vadimkotlarskij/Desktop/Python/Lab2/dataset1/leopard/0784.jpg,dataset1/leopard/0784.jpg,leopard
/Users/vadimkotlarskij/Desktop/Python/Lab2/dataset1/leopard/0948.jpg,dataset1/leopard/0948.jpg,leopard
/Users/vadimkotlarskij/Desktop/Python/Lab2/dataset1/leopard/0790.jpg,dataset1/leopard/0790.jpg,leopard
/Users/vadimkotlarskij/Desktop/Python/Lab2/dataset1/leopard/0579.jpg,dataset1/leopard/0579.jpg,leopard
/Users/vadimkotlarskij/Desktop/Python/Lab2/dataset1/leopard/0545.jpg,dataset1/leopard/0545.jpg,leopard
/Users/vadimkotlarskij/Desktop/Python/Lab2/dataset1/leopard/0223.jpg,dataset1/leopard/0223.jpg,leopard
/Users/vadimkotlarskij/Desktop/Python/Lab2/dataset1/leopard/0237.jpg,dataset1/leopard/0237.jpg,leopard
/Users/vadimkotlarskij/Desktop/Python/Lab2/dataset1/leopard/0551.jpg,dataset1/leopard/0551.jpg,leopard
/Users/vadimkotlarskij/Desktop/Python/Lab2/dataset1/leopard/0586.jpg,dataset1/leopard/0586.jpg,leopard
/Users/vadimkotlarskij/Desktop/Python/Lab2/dataset1/leopard/0592.jpg,dataset1/leopard/0592.jpg,leopard
/Users/vadimkotlarskij/Desktop/Python/Lab2/dataset1/leopard/0419.jpg,dataset1/leopard/0419.jpg,leopard
/Users/vadimkotlarskij/Desktop/Python/Lab2/dataset1/leopard/0431.jpg,dataset1/leopard/0431.jpg,leopard
/Users/vadimkotlarskij/Desktop/Python/Lab2/dataset1/leopard/0357.jpg,dataset1/leopard/0357.jpg,leopard
/Users/vadimkotlarskij/Desktop/Python/Lab2/dataset1/leopard/0343.jpg,dataset1/leopard/0343.jpg,leopard
/Users/vadimkotlarskij/Desktop/Python/Lab2/dataset1/leopard/0425.jpg,dataset1/leopard/0425.jpg,leopard
/Users/vadimkotlarskij/Desktop/Python/Lab2/dataset1/leopard/0394.jpg,dataset1/leopard/0394.jpg,leopard
/Users/vadimkotlarskij/Desktop/Python/Lab2/dataset1/leopard/0380.jpg,dataset1/leopard/0380.jpg,leopard
/Users/vadimkotlarskij/Desktop/Python/Lab2/dataset1/leopard/0169.jpg,dataset1/leopard/0169.jpg,leopard
/Users/vadimkotlarskij/Desktop/Python/Lab2/dataset1/leopard/0155.jpg,dataset1/leopard/0155.jpg,leopard
/Users/vadimkotlarskij/Desktop/Python/Lab2/dataset1/leopard/0633.jpg,dataset1/leopard/0633.jpg,leopard
/Users/vadimkotlarskij/Desktop/Python/Lab2/dataset1/leopard/0627.jpg,dataset1/leopard/0627.jpg,leopard
/Users/vadimkotlarskij/Desktop/Python/Lab2/dataset1/leopard/0141.jpg,dataset1/leopard/0141.jpg,leopard
/Users/vadimkotlarskij/Desktop/Python/Lab2/dataset1/leopard/0814.jpg,dataset1/leopard/0814.jpg,leopard
/Users/vadimkotlarskij/Desktop/Python/Lab2/dataset1/leopard/0800.jpg,dataset1/leopard/0800.jpg,leopard
/Users/vadimkotlarskij/Desktop/Python/Lab2/dataset1/leopard/0196.jpg,dataset1/leopard/0196.jpg,leopard
/Users/vadimkotlarskij/Desktop/Python/Lab2/dataset1/leopard/0828.jpg,dataset1/leopard/0828.jpg,leopard
/Users/vadimkotlarskij/Desktop/Python/Lab2/dataset1/leopard/0182.jpg,dataset1/leopard/0182.jpg,leopard
/Users/vadimkotlarskij/Desktop/Python/Lab2/dataset1/leopard/0183.jpg,dataset1/leopard/0183.jpg,leopard
/Users/vadimkotlarskij/Desktop/Python/Lab2/dataset1/leopard/0197.jpg,dataset1/leopard/0197.jpg,leopard
/Users/vadimkotlarskij/Desktop/Python/Lab2/dataset1/leopard/0829.jpg,dataset1/leopard/0829.jpg,leopard
/Users/vadimkotlarskij/Desktop/Python/Lab2/dataset1/leopard/0801.jpg,dataset1/leopard/0801.jpg,leopard
/Users/vadimkotlarskij/Desktop/Python/Lab2/dataset1/leopard/0815.jpg,dataset1/leopard/0815.jpg,leopard
/Users/vadimkotlarskij/Desktop/Python/Lab2/dataset1/leopard/0626.jpg,dataset1/leopard/0626.jpg,leopard
/Users/vadimkotlarskij/Desktop/Python/Lab2/dataset1/leopard/0140.jpg,dataset1/leopard/0140.jpg,leopard
/Users/vadimkotlarskij/Desktop/Python/Lab2/dataset1/leopard/0154.jpg,dataset1/leopard/0154.jpg,leopard
/Users/vadimkotlarskij/Desktop/Python/Lab2/dataset1/leopard/0632.jpg,dataset1/leopard/0632.jpg,leopard
/Users/vadimkotlarskij/Desktop/Python/Lab2/dataset1/leopard/0168.jpg,dataset1/leopard/0168.jpg,leopard
/Users/vadimkotlarskij/Desktop/Python/Lab2/dataset1/leopard/0381.jpg,dataset1/leopard/0381.jpg,leopard
/Users/vadimkotlarskij/Desktop/Python/Lab2/dataset1/leopard/0395.jpg,dataset1/leopard/0395.jpg,leopard
/Users/vadimkotlarskij/Desktop/Python/Lab2/dataset1/leopard/0342.jpg,dataset1/leopard/0342.jpg,leopard
/Users/vadimkotlarskij/Desktop/Python/Lab2/dataset1/leopard/0424.jpg,dataset1/leopard/0424.jpg,leopard
/Users/vadimkotlarskij/Desktop/Python/Lab2/dataset1/leopard/0430.jpg,dataset1/leopard/0430.jpg,leopard
/Users/vadimkotlarskij/Desktop/Python/Lab2/dataset1/leopard/0356.jpg,dataset1/leopard/0356.jpg,leopard
/Users/vadimkotlarskij/Desktop/Python/Lab2/dataset1/leopard/0418.jpg,dataset1/leopard/0418.jpg,leopard
/Users/vadimkotlarskij/Desktop/Python/Lab2/dataset1/leopard/0593.jpg,dataset1/leopard/0593.jpg,leopard
/Users/vadimkotlarskij/Desktop/Python/Lab2/dataset1/leopard/0587.jpg,dataset1/leopard/0587.jpg,leopard
/Users/vadimkotlarskij/Desktop/Python/Lab2/dataset1/leopard/0236.jpg,dataset1/leopard/0236.jpg,leopard
/Users/vadimkotlarskij/Desktop/Python/Lab2/dataset1/leopard/0550.jpg,dataset1/leopard/0550.jpg,leopard
/Users/vadimkotlarskij/Desktop/Python/Lab2/dataset1/leopard/0544.jpg,dataset1/leopard/0544.jpg,leopard
/Users/vadimkotlarskij/Desktop/Python/Lab2/dataset1/leopard/0222.jpg,dataset1/leopard/0222.jpg,leopard
/Users/vadimkotlarskij/Desktop/Python/Lab2/dataset1/leopard/0578.jpg,dataset1/leopard/0578.jpg,leopard
/Users/vadimkotlarskij/Desktop/Python/Lab2/dataset1/leopard/0791.jpg,dataset1/leopard/0791.jpg,leopard
/Users/vadimkotlarskij/Desktop/Python/Lab2/dataset1/leopard/0949.jpg,dataset1/leopard/0949.jpg,leopard
/Users/vadimkotlarskij/Desktop/Python/Lab2/dataset1/leopard/0785.jpg,dataset1/leopard/0785.jpg,leopard
/Users/vadimkotlarskij/Desktop/Python/Lab2/dataset1/leopard/0752.jpg,dataset1/leopard/0752.jpg,leopard
/Users/vadimkotlarskij/Desktop/Python/Lab2/dataset1/leopard/0034.jpg,dataset1/leopard/0034.jpg,leopard
/Users/vadimkotlarskij/Desktop/Python/Lab2/dataset1/leopard/0020.jpg,dataset1/leopard/0020.jpg,leopard
/Users/vadimkotlarskij/Desktop/Python/Lab2/dataset1/leopard/0746.jpg,dataset1/leopard/0746.jpg,leopard
/Users/vadimkotlarskij/Desktop/Python/Lab2/dataset1/leopard/0008.jpg,dataset1/leopard/0008.jpg,leopard
/Users/vadimkotlarskij/Desktop/Python/Lab2/dataset1/leopard/0778.jpg,dataset1/leopard/0778.jpg,leopard
/Users/vadimkotlarskij/Desktop/Python/Lab2/dataset1/leopard/0036.jpg,dataset1/leopard/0036.jpg,leopard
/Users/vadimkotlarskij/Desktop/Python/Lab2/dataset1/leopard/0750.jpg,dataset1/leopard/0750.jpg,leopard
/Users/vadimkotlarskij/Desktop/Python/Lab2/dataset1/leopard/0744.jpg,dataset1/leopard/0744.jpg,leopard
/Users/vadimkotlarskij/Desktop/Python/Lab2/dataset1/leopard/0022.jpg,dataset1/leopard/0022.jpg,leopard
/Users/vadimkotlarskij/Desktop/Python/Lab2/dataset1/leopard/0793.jpg,dataset1/leopard/0793.jpg,leopard
/Users/vadimkotlarskij/Desktop/Python/Lab2/dataset1/leopard/0787.jpg,dataset1/leopard/0787.jpg,leopard
/Users/vadimkotlarskij/Desktop/Python/Lab2/dataset1/leopard/0208.jpg,dataset1/leopard/0208.jpg,leopard
/Users/vadimkotlarskij/Desktop/Python/Lab2/dataset1/leopard/0552.jpg,dataset1/leopard/0552.jpg,leopard
/Users/vadimkotlarskij/Desktop/Python/Lab2/dataset1/leopard/0234.jpg,dataset1/leopard/0234.jpg,leopard
/Users/vadimkotlarskij/Desktop/Python/Lab2/dataset1/leopard/0220.jpg,dataset1/leopard/0220.jpg,leopard
/Users/vadimkotlarskij/Desktop/Python/Lab2/dataset1/leopard/0546.jpg,dataset1/leopard/0546.jpg,leopard
/Users/vadimkotlarskij/Desktop/Python/Lab2/dataset1/leopard/0591.jpg,dataset1/leopard/0591.jpg,leopard
/Users/vadimkotlarskij/Desktop/Python/Lab2/dataset1/leopard/0585.jpg,dataset1/leopard/0585.jpg,leopard
/Users/vadimkotlarskij/Desktop/Python/Lab2/dataset1/leopard/0368.jpg,dataset1/leopard/0368.jpg,leopard
/Users/vadimkotlarskij/Desktop/Python/Lab2/dataset1/leopard/0426.jpg,dataset1/leopard/0426.jpg,leopard
/Users/vadimkotlarskij/Desktop/Python/Lab2/dataset1/leopard/0340.jpg,dataset1/leopard/0340.jpg,leopard
/Users/vadimkotlarskij/Desktop/Python/Lab2/dataset1/leopard/0354.jpg,dataset1/leopard/0354.jpg,leopard
/Users/vadimkotlarskij/Desktop/Python/Lab2/dataset1/leopard/0432.jpg,dataset1/leopard/0432.jpg,leopard
/Users/vadimkotlarskij/Desktop/Python/Lab2/dataset1/leopard/0383.jpg,dataset1/leopard/0383.jpg,leopard
/Users/vadimkotlarskij/Desktop/Python/Lab2/dataset1/leopard/0397.jpg,dataset1/leopard/0397.jpg,leopard
/Users/vadimkotlarskij/Desktop/Python/Lab2/dataset1/leopard/0618.jpg,dataset1/leopard/0618.jpg,leopard
/Users/vadimkotlarskij/Desktop/Python/Lab2/dataset1/leopard/0142.jpg,dataset1/leopard/0142.jpg,leopard
/Users/vadimkotlarskij/Desktop/Python/Lab2/dataset1/leopard/0624.jpg,dataset1/leopard/0624.jpg,leopard
/Users/vadimkotlarskij/Desktop/Python/Lab2/dataset1/leopard/0630.jpg,dataset1/leopard/0630.jpg,leopard
/Users/vadimkotlarskij/Desktop/Python/Lab2/dataset1/leopard/0156.jpg,dataset1/leopard/0156.jpg,leopard
/Users/vadimkotlarskij/Desktop/Python/Lab2/dataset1/leopard/0803.jpg,dataset1/leopard/0803.jpg,leopard
/Users/vadimkotlarskij/Desktop/Python/Lab2/dataset1/leopard/0817.jpg,dataset1/leopard/0817.jpg,leopard
/Users/vadimkotlarskij/Desktop/Python/Lab2/dataset1/leopard/0181.jpg,dataset1/leopard/0181.jpg,leopard
/Users/vadimkotlarskij/Desktop/Python/Lab2/dataset1/leopard/0195.jpg,dataset1/leopard/0195.jpg,leopard
/Users/vadimkotlarskij/Desktop/Python/Lab2/dataset1/leopard/0194.jpg,dataset1/leopard/0194.jpg,leopard
/Users/vadimkotlarskij/Desktop/Python/Lab2/dataset1/leopard/0180.jpg,dataset1/leopard/0180.jpg,leopard
/Users/vadimkotlarskij/Desktop/Python/Lab2/dataset1/leopard/0816.jpg,dataset1/leopard/0816.jpg,leopard
/Users/vadimkotlarskij/Desktop/Python/Lab2/dataset1/leopard/0802.jpg,dataset1/leopard/0802.jpg,leopard
/Users/vadimkotlarskij/Desktop/Python/Lab2/dataset1/leopard/0631.jpg,dataset1/leopard/0631.jpg,leopard
/Users/vadimkotlarskij/Desktop/Python/Lab2/dataset1/leopard/0157.jpg,dataset1/leopard/0157.jpg,leopard
/Users/vadimkotlarskij/Desktop/Python/Lab2/dataset1/leopard/0143.jpg,dataset1/leopard/0143.jpg,leopard
/Users/vadimkotlarskij/Desktop/Python/Lab2/dataset1/leopard/0625.jpg,dataset1/leopard/0625.jpg,leopard
/Users/vadimkotlarskij/Desktop/Python/Lab2/dataset1/leopard/0619.jpg,dataset1/leopard/0619.jpg,leopard
/Users/vadimkotlarskij/Desktop/Python/Lab2/dataset1/leopard/0396.jpg,dataset1/leopard/0396.jpg,leopard
/Users/vadimkotlarskij/Desktop/Python/Lab2/dataset1/leopard/0382.jpg,dataset1/leopard/0382.jpg,leopard
/Users/vadimkotlarskij/Desktop/Python/Lab2/dataset1/leopard/0355.jpg,dataset1/leopard/0355.jpg,leopard
/Users/vadimkotlarskij/Desktop/Python/Lab2/dataset1/leopard/0433.jpg,dataset1/leopard/0433.jpg,leopard
/Users/vadimkotlarskij/Desktop/Python/Lab2/dataset1/leopard/0427.jpg,dataset1/leopard/0427.jpg,leopard
/Users/vadimkotlarskij/Desktop/Python/Lab2/dataset1/leopard/0341.jpg,dataset1/leopard/0341.jpg,leopard
/Users/vadimkotlarskij/Desktop/Python/Lab2/dataset1/leopard/0369.jpg,dataset1/leopard/0369.jpg,leopard
/Users/vadimkotlarskij/Desktop/Python/Lab2/dataset1/leopard/0584.jpg,dataset1/leopard/0584.jpg,leopard
/Users/vadimkotlarskij/Desktop/Python/Lab2/dataset1/leopard/0590.jpg,dataset1/leopard/0590.jpg,leopard
/Users/vadimkotlarskij/Desktop/Python/Lab2/dataset1/leopard/0221.jpg,dataset1/leopard/0221.jpg,leopard
/Users/vadimkotlarskij/Desktop/Python/Lab2/dataset1/leopard/0547.jpg,dataset1/leopard/0547.jpg,leopard
/Users/vadimkotlarskij/Desktop/Python/Lab2/dataset1/leopard/0553.jpg,dataset1/leopard/0553.jpg,leopard
/Users/vadimkotlarskij/Desktop/Python/Lab2/dataset1/leopard/0235.jpg,dataset1/leopard/0235.jpg,leopard
/Users/vadimkotlarskij/Desktop/Python/Lab2/dataset1/leopard/0209.jpg,dataset1/leopard/0209.jpg,leopard
/Users/vadimkotlarskij/Desktop/Python/Lab2/dataset1/leopard/0786.jpg,dataset1/leopard/0786.jpg,leopard
/Users/vadimkotlarskij/Desktop/Python/Lab2/dataset1/leopard/0792.jpg,dataset1/leopard/0792.jpg,leopard
/Users/vadimkotlarskij/Desktop/Python/Lab2/dataset1/leopard/0745.jpg,dataset1/leopard/0745.jpg,leopard
/Users/vadimkotlarskij/Desktop/Python/Lab2/dataset1/leopard/0023.jpg,dataset1/leopard/0023.jpg,leopard
/Users/vadimkotlarskij/Desktop/Python/Lab2/dataset1/leopard/0037.jpg,dataset1/leopard/0037.jpg,leopard
/Users/vadimkotlarskij/Desktop/Python/Lab2/dataset1/leopard/0751.jpg,dataset1/leopard/0751.jpg,leopard
/Users/vadimkotlarskij/Desktop/Python/Lab2/dataset1/leopard/0779.jpg,dataset1/leopard/0779.jpg,leopard
/Users/vadimkotlarskij/Desktop/Python/Lab2/dataset1/leopard/0050.jpg,dataset1/leopard/0050.jpg,leopard
/Users/vadimkotlarskij/Desktop/Python/Lab2/dataset1/leopard/0736.jpg,dataset1/leopard/0736.jpg,leopard
/Users/vadimkotlarskij/Desktop/Python/Lab2/dataset1/leopard/0722.jpg,dataset1/leopard/0722.jpg,leopard
/Users/vadimkotlarskij/Desktop/Python/Lab2/dataset1/leopard/0044.jpg,dataset1/leopard/0044.jpg,leopard
/Users/vadimkotlarskij/Desktop/Python/Lab2/dataset1/leopard/0078.jpg,dataset1/leopard/0078.jpg,leopard
/Users/vadimkotlarskij/Desktop/Python/Lab2/dataset1/leopard/0093.jpg,dataset1/leopard/0093.jpg,leopard
/Users/vadimkotlarskij/Desktop/Python/Lab2/dataset1/leopard/0939.jpg,dataset1/leopard/0939.jpg,leopard
/Users/vadimkotlarskij/Desktop/Python/Lab2/dataset1/leopard/0087.jpg,dataset1/leopard/0087.jpg,leopard
/Users/vadimkotlarskij/Desktop/Python/Lab2/dataset1/leopard/0911.jpg,dataset1/leopard/0911.jpg,leopard
/Users/vadimkotlarskij/Desktop/Python/Lab2/dataset1/leopard/0905.jpg,dataset1/leopard/0905.jpg,leopard
/Users/vadimkotlarskij/Desktop/Python/Lab2/dataset1/leopard/0534.jpg,dataset1/leopard/0534.jpg,leopard
/Users/vadimkotlarskij/Desktop/Python/Lab2/dataset1/leopard/0252.jpg,dataset1/leopard/0252.jpg,leopard
/Users/vadimkotlarskij/Desktop/Python/Lab2/dataset1/leopard/0246.jpg,dataset1/leopard/0246.jpg,leopard
/Users/vadimkotlarskij/Desktop/Python/Lab2/dataset1/leopard/0520.jpg,dataset1/leopard/0520.jpg,leopard
/Users/vadimkotlarskij/Desktop/Python/Lab2/dataset1/leopard/0508.jpg,dataset1/leopard/0508.jpg,leopard
/Users/vadimkotlarskij/Desktop/Python/Lab2/dataset1/leopard/0291.jpg,dataset1/leopard/0291.jpg,leopard
/Users/vadimkotlarskij/Desktop/Python/Lab2/dataset1/leopard/0285.jpg,dataset1/leopard/0285.jpg,leopard
/Users/vadimkotlarskij/Desktop/Python/Lab2/dataset1/leopard/0440.jpg,dataset1/leopard/0440.jpg,leopard
/Users/vadimkotlarskij/Desktop/Python/Lab2/dataset1/leopard/0326.jpg,dataset1/leopard/0326.jpg,leopard
/Users/vadimkotlarskij/Desktop/Python/Lab2/dataset1/leopard/0332.jpg,dataset1/leopard/0332.jpg,leopard
/Users/vadimkotlarskij/Desktop/Python/Lab2/dataset1/leopard/0454.jpg,dataset1/leopard/0454.jpg,leopard
/Users/vadimkotlarskij/Desktop/Python/Lab2/dataset1/leopard/0468.jpg,dataset1/leopard/0468.jpg,leopard
/Users/vadimkotlarskij/Desktop/Python/Lab2/dataset1/leopard/0483.jpg,dataset1/leopard/0483.jpg,leopard
/Users/vadimkotlarskij/Desktop/Python/Lab2/dataset1/leopard/0497.jpg,dataset1/leopard/0497.jpg,leopard
/Users/vadimkotlarskij/Desktop/Python/Lab2/dataset1/leopard/0124.jpg,dataset1/leopard/0124.jpg,leopard
/Users/vadimkotlarskij/Desktop/Python/Lab2/dataset1/leopard/0642.jpg,dataset1/leopard/0642.jpg,leopard
/Users/vadimkotlarskij/Desktop/Python/Lab2/dataset1/leopard/0656.jpg,dataset1/leopard/0656.jpg,leopard
/Users/vadimkotlarskij/Desktop/Python/Lab2/dataset1/leopard/0130.jpg,dataset1/leopard/0130.jpg,leopard
/Users/vadimkotlarskij/Desktop/Python/Lab2/dataset1/leopard/0118.jpg,dataset1/leopard/0118.jpg,leopard
/Users/vadimkotlarskij/Desktop/Python/Lab2/dataset1/leopard/0681.jpg,dataset1/leopard/0681.jpg,leopard
/Users/vadimkotlarskij/Desktop/Python/Lab2/dataset1/leopard/0859.jpg,dataset1/leopard/0859.jpg,leopard
/Users/vadimkotlarskij/Desktop/Python/Lab2/dataset1/leopard/0695.jpg,dataset1/leopard/0695.jpg,leopard
/Users/vadimkotlarskij/Desktop/Python/Lab2/dataset1/leopard/0865.jpg,dataset1/leopard/0865.jpg,leopard
/Users/vadimkotlarskij/Desktop/Python/Lab2/dataset1/leopard/0871.jpg,dataset1/leopard/0871.jpg,leopard
/Users/vadimkotlarskij/Desktop/Python/Lab2/dataset1/leopard/0870.jpg,dataset1/leopard/0870.jpg,leopard
/Users/vadimkotlarskij/Desktop/Python/Lab2/dataset1/leopard/0864.jpg,dataset1/leopard/0864.jpg,leopard
/Users/vadimkotlarskij/Desktop/Python/Lab2/dataset1/leopard/0694.jpg,dataset1/leopard/0694.jpg,leopard
/Users/vadimkotlarskij/Desktop/Python/Lab2/dataset1/leopard/0858.jpg,dataset1/leopard/0858.jpg,leopard
/Users/vadimkotlarskij/Desktop/Python/Lab2/dataset1/leopard/0680.jpg,dataset1/leopard/0680.jpg,leopard
/Users/vadimkotlarskij/Desktop/Python/Lab2/dataset1/leopard/0119.jpg,dataset1/leopard/0119.jpg,leopard
/Users/vadimkotlarskij/Desktop/Python/Lab2/dataset1/leopard/0657.jpg,dataset1/leopard/0657.jpg,leopard
/Users/vadimkotlarskij/Desktop/Python/Lab2/dataset1/leopard/0131.jpg,dataset1/leopard/0131.jpg,leopard
/Users/vadimkotlarskij/Desktop/Python/Lab2/dataset1/leopard/0125.jpg,dataset1/leopard/0125.jpg,leopard
/Users/vadimkotlarskij/Desktop/Python/Lab2/dataset1/leopard/0643.jpg,dataset1/leopard/0643.jpg,leopard
/Users/vadimkotlarskij/Desktop/Python/Lab2/dataset1/leopard/0496.jpg,dataset1/leopard/0496.jpg,leopard
/Users/vadimkotlarskij/Desktop/Python/Lab2/dataset1/leopard/0482.jpg,dataset1/leopard/0482.jpg,leopard
/Users/vadimkotlarskij/Desktop/Python/Lab2/dataset1/leopard/0469.jpg,dataset1/leopard/0469.jpg,leopard
/Users/vadimkotlarskij/Desktop/Python/Lab2/dataset1/leopard/0333.jpg,dataset1/leopard/0333.jpg,leopard
/Users/vadimkotlarskij/Desktop/Python/Lab2/dataset1/leopard/0455.jpg,dataset1/leopard/0455.jpg,leopard
/Users/vadimkotlarskij/Desktop/Python/Lab2/dataset1/leopard/0441.jpg,dataset1/leopard/0441.jpg,leopard
/Users/vadimkotlarskij/Desktop/Python/Lab2/dataset1/leopard/0327.jpg,dataset1/leopard/0327.jpg,leopard
/Users/vadimkotlarskij/Desktop/Python/Lab2/dataset1/leopard/0284.jpg,dataset1/leopard/0284.jpg,leopard
/Users/vadimkotlarskij/Desktop/Python/Lab2/dataset1/leopard/0290.jpg,dataset1/leopard/0290.jpg,leopard
/Users/vadimkotlarskij/Desktop/Python/Lab2/dataset1/leopard/0509.jpg,dataset1/leopard/0509.jpg,leopard
/Users/vadimkotlarskij/Desktop/Python/Lab2/dataset1/leopard/0247.jpg,dataset1/leopard/0247.jpg,leopard
/Users/vadimkotlarskij/Desktop/Python/Lab2/dataset1/leopard/0521.jpg,dataset1/leopard/0521.jpg,leopard
/Users/vadimkotlarskij/Desktop/Python/Lab2/dataset1/leopard/0535.jpg,dataset1/leopard/0535.jpg,leopard
/Users/vadimkotlarskij/Desktop/Python/Lab2/dataset1/leopard/0253.jpg,dataset1/leopard/0253.jpg,leopard
/Users/vadimkotlarskij/Desktop/Python/Lab2/dataset1/leopard/0904.jpg,dataset1/leopard/0904.jpg,leopard
/Users/vadimkotlarskij/Desktop/Python/Lab2/dataset1/leopard/0910.jpg,dataset1/leopard/0910.jpg,leopard
/Users/vadimkotlarskij/Desktop/Python/Lab2/dataset1/leopard/0938.jpg,dataset1/leopard/0938.jpg,leopard
/Users/vadimkotlarskij/Desktop/Python/Lab2/dataset1/leopard/0086.jpg,dataset1/leopard/0086.jpg,leopard
/Users/vadimkotlarskij/Desktop/Python/Lab2/dataset1/leopard/0092.jpg,dataset1/leopard/0092.jpg,leopard
/Users/vadimkotlarskij/Desktop/Python/Lab2/dataset1/leopard/0079.jpg,dataset1/leopard/0079.jpg,leopard
/Users/vadimkotlarskij/Desktop/Python/Lab2/dataset1/leopard/0723.jpg,dataset1/leopard/0723.jpg,leopard
/Users/vadimkotlarskij/Desktop/Python/Lab2/dataset1/leopard/0045.jpg,dataset1/leopard/0045.jpg,leopard
/Users/vadimkotlarskij/Desktop/Python/Lab2/dataset1/leopard/0051.jpg,dataset1/leopard/0051.jpg,leopard
/Users/vadimkotlarskij/Desktop/Python/Lab2/dataset1/leopard/0737.jpg,dataset1/leopard/0737.jpg,leopard
/Users/vadimkotlarskij/Desktop/Python/Lab2/dataset1/leopard/0047.jpg,dataset1/leopard/0047.jpg,leopard
/Users/vadimkotlarskij/Desktop/Python/Lab2/dataset1/leopard/0721.jpg,dataset1/leopard/0721.jpg,leopard
/Users/vadimkotlarskij/Desktop/Python/Lab2/dataset1/leopard/0735.jpg,dataset1/leopard/0735.jpg,leopard
/Users/vadimkotlarskij/Desktop/Python/Lab2/dataset1/leopard/0053.jpg,dataset1/leopard/0053.jpg,leopard
/Users/vadimkotlarskij/Desktop/Python/Lab2/dataset1/leopard/0709.jpg,dataset1/leopard/0709.jpg,leopard
/Users/vadimkotlarskij/Desktop/Python/Lab2/dataset1/leopard/0084.jpg,dataset1/leopard/0084.jpg,leopard
/Users/vadimkotlarskij/Desktop/Python/Lab2/dataset1/leopard/0090.jpg,dataset1/leopard/0090.jpg,leopard
/Users/vadimkotlarskij/Desktop/Python/Lab2/dataset1/leopard/0906.jpg,dataset1/leopard/0906.jpg,leopard
/Users/vadimkotlarskij/Desktop/Python/Lab2/dataset1/leopard/0912.jpg,dataset1/leopard/0912.jpg,leopard
/Users/vadimkotlarskij/Desktop/Python/Lab2/dataset1/leopard/0523.jpg,dataset1/leopard/0523.jpg,leopard
/Users/vadimkotlarskij/Desktop/Python/Lab2/dataset1/leopard/0245.jpg,dataset1/leopard/0245.jpg,leopard
/Users/vadimkotlarskij/Desktop/Python/Lab2/dataset1/leopard/0251.jpg,dataset1/leopard/0251.jpg,leopard
/Users/vadimkotlarskij/Desktop/Python/Lab2/dataset1/leopard/0537.jpg,dataset1/leopard/0537.jpg,leopard
/Users/vadimkotlarskij/Desktop/Python/Lab2/dataset1/leopard/0279.jpg,dataset1/leopard/0279.jpg,leopard
/Users/vadimkotlarskij/Desktop/Python/Lab2/dataset1/leopard/0286.jpg,dataset1/leopard/0286.jpg,leopard
/Users/vadimkotlarskij/Desktop/Python/Lab2/dataset1/leopard/0292.jpg,dataset1/leopard/0292.jpg,leopard
/Users/vadimkotlarskij/Desktop/Python/Lab2/dataset1/leopard/0457.jpg,dataset1/leopard/0457.jpg,leopard
/Users/vadimkotlarskij/Desktop/Python/Lab2/dataset1/leopard/0331.jpg,dataset1/leopard/0331.jpg,leopard
/Users/vadimkotlarskij/Desktop/Python/Lab2/dataset1/leopard/0325.jpg,dataset1/leopard/0325.jpg,leopard
/Users/vadimkotlarskij/Desktop/Python/Lab2/dataset1/leopard/0443.jpg,dataset1/leopard/0443.jpg,leopard
/Users/vadimkotlarskij/Desktop/Python/Lab2/dataset1/leopard/0319.jpg,dataset1/leopard/0319.jpg,leopard
/Users/vadimkotlarskij/Desktop/Python/Lab2/dataset1/leopard/0494.jpg,dataset1/leopard/0494.jpg,leopard
/Users/vadimkotlarskij/Desktop/Python/Lab2/dataset1/leopard/0480.jpg,dataset1/leopard/0480.jpg,leopard
/Users/vadimkotlarskij/Desktop/Python/Lab2/dataset1/leopard/0133.jpg,dataset1/leopard/0133.jpg,leopard
/Users/vadimkotlarskij/Desktop/Python/Lab2/dataset1/leopard/0655.jpg,dataset1/leopard/0655.jpg,leopard
/Users/vadimkotlarskij/Desktop/Python/Lab2/dataset1/leopard/0899.jpg,dataset1/leopard/0899.jpg,leopard
/Users/vadimkotlarskij/Desktop/Python/Lab2/dataset1/leopard/0641.jpg,dataset1/leopard/0641.jpg,leopard
/Users/vadimkotlarskij/Desktop/Python/Lab2/dataset1/leopard/0127.jpg,dataset1/leopard/0127.jpg,leopard
/Users/vadimkotlarskij/Desktop/Python/Lab2/dataset1/leopard/0669.jpg,dataset1/leopard/0669.jpg,leopard
/Users/vadimkotlarskij/Desktop/Python/Lab2/dataset1/leopard/0696.jpg,dataset1/leopard/0696.jpg,leopard
/Users/vadimkotlarskij/Desktop/Python/Lab2/dataset1/leopard/0682.jpg,dataset1/leopard/0682.jpg,leopard
/Users/vadimkotlarskij/Desktop/Python/Lab2/dataset1/leopard/0872.jpg,dataset1/leopard/0872.jpg,leopard
/Users/vadimkotlarskij/Desktop/Python/Lab2/dataset1/leopard/0866.jpg,dataset1/leopard/0866.jpg,leopard
/Users/vadimkotlarskij/Desktop/Python/Lab2/dataset1/leopard/0867.jpg,dataset1/leopard/0867.jpg,leopard
/Users/vadimkotlarskij/Desktop/Python/Lab2/dataset1/leopard/0873.jpg,dataset1/leopard/0873.jpg,leopard
/Users/vadimkotlarskij/Desktop/Python/Lab2/dataset1/leopard/0683.jpg,dataset1/leopard/0683.jpg,leopard
/Users/vadimkotlarskij/Desktop/Python/Lab2/dataset1/leopard/0697.jpg,dataset1/leopard/0697.jpg,leopard
/Users/vadimkotlarskij/Desktop/Python/Lab2/dataset1/leopard/0668.jpg,dataset1/leopard/0668.jpg,leopard
/Users/vadimkotlarskij/Desktop/Python/Lab2/dataset1/leopard/0640.jpg,dataset1/leopard/0640.jpg,leopard
/Users/vadimkotlarskij/Desktop/Python/Lab2/dataset1/leopard/0898.jpg,dataset1/leopard/0898.jpg,leopard
/Users/vadimkotlarskij/Desktop/Python/Lab2/dataset1/leopard/0126.jpg,dataset1/leopard/0126.jpg,leopard
/Users/vadimkotlarskij/Desktop/Python/Lab2/dataset1/leopard/0132.jpg,dataset1/leopard/0132.jpg,leopard
/Users/vadimkotlarskij/Desktop/Python/Lab2/dataset1/leopard/0654.jpg,dataset1/leopard/0654.jpg,leopard
/Users/vadimkotlarskij/Desktop/Python/Lab2/dataset1/leopard/0481.jpg,dataset1/leopard/0481.jpg,leopard
/Users/vadimkotlarskij/Desktop/Python/Lab2/dataset1/leopard/0495.jpg,dataset1/leopard/0495.jpg,leopard
/Users/vadimkotlarskij/Desktop/Python/Lab2/dataset1/leopard/0318.jpg,dataset1/leopard/0318.jpg,leopard
/Users/vadimkotlarskij/Desktop/Python/Lab2/dataset1/leopard/0324.jpg,dataset1/leopard/0324.jpg,leopard
/Users/vadimkotlarskij/Desktop/Python/Lab2/dataset1/leopard/0442.jpg,dataset1/leopard/0442.jpg,leopard
/Users/vadimkotlarskij/Desktop/Python/Lab2/dataset1/leopard/0456.jpg,dataset1/leopard/0456.jpg,leopard
/Users/vadimkotlarskij/Desktop/Python/Lab2/dataset1/leopard/0330.jpg,dataset1/leopard/0330.jpg,leopard
/Users/vadimkotlarskij/Desktop/Python/Lab2/dataset1/leopard/0293.jpg,dataset1/leopard/0293.jpg,leopard
/Users/vadimkotlarskij/Desktop/Python/Lab2/dataset1/leopard/0287.jpg,dataset1/leopard/0287.jpg,leopard
/Users/vadimkotlarskij/Desktop/Python/Lab2/dataset1/leopard/0278.jpg,dataset1/leopard/0278.jpg,leopard
/Users/vadimkotlarskij/Desktop/Python/Lab2/dataset1/leopard/0250.jpg,dataset1/leopard/0250.jpg,leopard
/Users/vadimkotlarskij/Desktop/Python/Lab2/dataset1/leopard/0536.jpg,dataset1/leopard/0536.jpg,leopard
/Users/vadimkotlarskij/Desktop/Python/Lab2/dataset1/leopard/0522.jpg,dataset1/leopard/0522.jpg,leopard
/Users/vadimkotlarskij/Desktop/Python/Lab2/dataset1/leopard/0244.jpg,dataset1/leopard/0244.jpg,leopard
/Users/vadimkotlarskij/Desktop/Python/Lab2/dataset1/leopard/0913.jpg,dataset1/leopard/0913.jpg,leopard
/Users/vadimkotlarskij/Desktop/Python/Lab2/dataset1/leopard/0907.jpg,dataset1/leopard/0907.jpg,leopard
/Users/vadimkotlarskij/Desktop/Python/Lab2/dataset1/leopard/0091.jpg,dataset1/leopard/0091.jpg,leopard
/Users/vadimkotlarskij/Desktop/Python/Lab2/dataset1/leopard/0085.jpg,dataset1/leopard/0085.jpg,leopard
/Users/vadimkotlarskij/Desktop/Python/Lab2/dataset1/leopard/0708.jpg,dataset1/leopard/0708.jpg,leopard
/Users/vadimkotlarskij/Desktop/Python/Lab2/dataset1/leopard/0734.jpg,dataset1/leopard/0734.jpg,leopard
/Users/vadimkotlarskij/Desktop/Python/Lab2/dataset1/leopard/0052.jpg,dataset1/leopard/0052.jpg,leopard
/Users/vadimkotlarskij/Desktop/Python/Lab2/dataset1/leopard/0046.jpg,dataset1/leopard/0046.jpg,leopard
/Users/vadimkotlarskij/Desktop/Python/Lab2/dataset1/leopard/0720.jpg,dataset1/leopard/0720.jpg,leopard
/Users/vadimkotlarskij/Desktop/Python/Lab2/dataset1/leopard/0718.jpg,dataset1/leopard/0718.jpg,leopard
/Users/vadimkotlarskij/Desktop/Python/Lab2/dataset1/leopard/0724.jpg,dataset1/leopard/0724.jpg,leopard
/Users/vadimkotlarskij/Desktop/Python/Lab2/dataset1/leopard/0042.jpg,dataset1/leopard/0042.jpg,leopard
/Users/vadimkotlarskij/Desktop/Python/Lab2/dataset1/leopard/0056.jpg,dataset1/leopard/0056.jpg,leopard
/Users/vadimkotlarskij/Desktop/Python/Lab2/dataset1/leopard/0730.jpg,dataset1/leopard/0730.jpg,leopard
/Users/vadimkotlarskij/Desktop/Python/Lab2/dataset1/leopard/0903.jpg,dataset1/leopard/0903.jpg,leopard
/Users/vadimkotlarskij/Desktop/Python/Lab2/dataset1/leopard/0917.jpg,dataset1/leopard/0917.jpg,leopard
/Users/vadimkotlarskij/Desktop/Python/Lab2/dataset1/leopard/0081.jpg,dataset1/leopard/0081.jpg,leopard
/Users/vadimkotlarskij/Desktop/Python/Lab2/dataset1/leopard/0095.jpg,dataset1/leopard/0095.jpg,leopard
/Users/vadimkotlarskij/Desktop/Python/Lab2/dataset1/leopard/0268.jpg,dataset1/leopard/0268.jpg,leopard
/Users/vadimkotlarskij/Desktop/Python/Lab2/dataset1/leopard/0240.jpg,dataset1/leopard/0240.jpg,leopard
/Users/vadimkotlarskij/Desktop/Python/Lab2/dataset1/leopard/0526.jpg,dataset1/leopard/0526.jpg,leopard
/Users/vadimkotlarskij/Desktop/Python/Lab2/dataset1/leopard/0532.jpg,dataset1/leopard/0532.jpg,leopard
/Users/vadimkotlarskij/Desktop/Python/Lab2/dataset1/leopard/0254.jpg,dataset1/leopard/0254.jpg,leopard
/Users/vadimkotlarskij/Desktop/Python/Lab2/dataset1/leopard/0283.jpg,dataset1/leopard/0283.jpg,leopard
/Users/vadimkotlarskij/Desktop/Python/Lab2/dataset1/leopard/0297.jpg,dataset1/leopard/0297.jpg,leopard
/Users/vadimkotlarskij/Desktop/Python/Lab2/dataset1/leopard/0308.jpg,dataset1/leopard/0308.jpg,leopard
/Users/vadimkotlarskij/Desktop/Python/Lab2/dataset1/leopard/0334.jpg,dataset1/leopard/0334.jpg,leopard
/Users/vadimkotlarskij/Desktop/Python/Lab2/dataset1/leopard/0452.jpg,dataset1/leopard/0452.jpg,leopard
/Users/vadimkotlarskij/Desktop/Python/Lab2/dataset1/leopard/0446.jpg,dataset1/leopard/0446.jpg,leopard
/Users/vadimkotlarskij/Desktop/Python/Lab2/dataset1/leopard/0320.jpg,dataset1/leopard/0320.jpg,leopard
/Users/vadimkotlarskij/Desktop/Python/Lab2/dataset1/leopard/0491.jpg,dataset1/leopard/0491.jpg,leopard
/Users/vadimkotlarskij/Desktop/Python/Lab2/dataset1/leopard/0485.jpg,dataset1/leopard/0485.jpg,leopard
/Users/vadimkotlarskij/Desktop/Python/Lab2/dataset1/leopard/0678.jpg,dataset1/leopard/0678.jpg,leopard
/Users/vadimkotlarskij/Desktop/Python/Lab2/dataset1/leopard/0888.jpg,dataset1/leopard/0888.jpg,leopard
/Users/vadimkotlarskij/Desktop/Python/Lab2/dataset1/leopard/0650.jpg,dataset1/leopard/0650.jpg,leopard
/Users/vadimkotlarskij/Desktop/Python/Lab2/dataset1/leopard/0136.jpg,dataset1/leopard/0136.jpg,leopard
/Users/vadimkotlarskij/Desktop/Python/Lab2/dataset1/leopard/0122.jpg,dataset1/leopard/0122.jpg,leopard
/Users/vadimkotlarskij/Desktop/Python/Lab2/dataset1/leopard/0644.jpg,dataset1/leopard/0644.jpg,leopard
/Users/vadimkotlarskij/Desktop/Python/Lab2/dataset1/leopard/0877.jpg,dataset1/leopard/0877.jpg,leopard
/Users/vadimkotlarskij/Desktop/Python/Lab2/dataset1/leopard/0863.jpg,dataset1/leopard/0863.jpg,leopard
/Users/vadimkotlarskij/Desktop/Python/Lab2/dataset1/leopard/0693.jpg,dataset1/leopard/0693.jpg,leopard
/Users/vadimkotlarskij/Desktop/Python/Lab2/dataset1/leopard/0687.jpg,dataset1/leopard/0687.jpg,leopard
/Users/vadimkotlarskij/Desktop/Python/Lab2/dataset1/leopard/0686.jpg,dataset1/leopard/0686.jpg,leopard
/Users/vadimkotlarskij/Desktop/Python/Lab2/dataset1/leopard/0692.jpg,dataset1/leopard/0692.jpg,leopard
/Users/vadimkotlarskij/Desktop/Python/Lab2/dataset1/leopard/0862.jpg,dataset1/leopard/0862.jpg,leopard
/Users/vadimkotlarskij/Desktop/Python/Lab2/dataset1/leopard/0876.jpg,dataset1/leopard/0876.jpg,leopard
/Users/vadimkotlarskij/Desktop/Python/Lab2/dataset1/leopard/0123.jpg,dataset1/leopard/0123.jpg,leopard
/Users/vadimkotlarskij/Desktop/Python/Lab2/dataset1/leopard/0645.jpg,dataset1/leopard/0645.jpg,leopard
/Users/vadimkotlarskij/Desktop/Python/Lab2/dataset1/leopard/0651.jpg,dataset1/leopard/0651.jpg,leopard
/Users/vadimkotlarskij/Desktop/Python/Lab2/dataset1/leopard/0889.jpg,dataset1/leopard/0889.jpg,leopard
/Users/vadimkotlarskij/Desktop/Python/Lab2/dataset1/leopard/0137.jpg,dataset1/leopard/0137.jpg,leopard
/Users/vadimkotlarskij/Desktop/Python/Lab2/dataset1/leopard/0679.jpg,dataset1/leopard/0679.jpg,leopard
/Users/vadimkotlarskij/Desktop/Python/Lab2/dataset1/leopard/0484.jpg,dataset1/leopard/0484.jpg,leopard
/Users/vadimkotlarskij/Desktop/Python/Lab2/dataset1/leopard/0490.jpg,dataset1/leopard/0490.jpg,leopard
/Users/vadimkotlarskij/Desktop/Python/Lab2/dataset1/leopard/0447.jpg,dataset1/leopard/0447.jpg,leopard
/Users/vadimkotlarskij/Desktop/Python/Lab2/dataset1/leopard/0321.jpg,dataset1/leopard/0321.jpg,leopard
/Users/vadimkotlarskij/Desktop/Python/Lab2/dataset1/leopard/0335.jpg,dataset1/leopard/0335.jpg,leopard
/Users/vadimkotlarskij/Desktop/Python/Lab2/dataset1/leopard/0453.jpg,dataset1/leopard/0453.jpg,leopard
/Users/vadimkotlarskij/Desktop/Python/Lab2/dataset1/leopard/0309.jpg,dataset1/leopard/0309.jpg,leopard
/Users/vadimkotlarskij/Desktop/Python/Lab2/dataset1/leopard/0296.jpg,dataset1/leopard/0296.jpg,leopard
/Users/vadimkotlarskij/Desktop/Python/Lab2/dataset1/leopard/0282.jpg,dataset1/leopard/0282.jpg,leopard
/Users/vadimkotlarskij/Desktop/Python/Lab2/dataset1/leopard/0533.jpg,dataset1/leopard/0533.jpg,leopard
/Users/vadimkotlarskij/Desktop/Python/Lab2/dataset1/leopard/0255.jpg,dataset1/leopard/0255.jpg,leopard
/Users/vadimkotlarskij/Desktop/Python/Lab2/dataset1/leopard/0241.jpg,dataset1/leopard/0241.jpg,leopard
/Users/vadimkotlarskij/Desktop/Python/Lab2/dataset1/leopard/0527.jpg,dataset1/leopard/0527.jpg,leopard
/Users/vadimkotlarskij/Desktop/Python/Lab2/dataset1/leopard/0269.jpg,dataset1/leopard/0269.jpg,leopard
/Users/vadimkotlarskij/Desktop/Python/Lab2/dataset1/leopard/0094.jpg,dataset1/leopard/0094.jpg,leopard
/Users/vadimkotlarskij/Desktop/Python/Lab2/dataset1/leopard/0080.jpg,dataset1/leopard/0080.jpg,leopard
/Users/vadimkotlarskij/Desktop/Python/Lab2/dataset1/leopard/0916.jpg,dataset1/leopard/0916.jpg,leopard
/Users/vadimkotlarskij/Desktop/Python/Lab2/dataset1/leopard/0902.jpg,dataset1/leopard/0902.jpg,leopard
/Users/vadimkotlarskij/Desktop/Python/Lab2/dataset1/leopard/0057.jpg,dataset1/leopard/0057.jpg,leopard
/Users/vadimkotlarskij/Desktop/Python/Lab2/dataset1/leopard/0731.jpg,dataset1/leopard/0731.jpg,leopard
/Users/vadimkotlarskij/Desktop/Python/Lab2/dataset1/leopard/0725.jpg,dataset1/leopard/0725.jpg,leopard
/Users/vadimkotlarskij/Desktop/Python/Lab2/dataset1/leopard/0043.jpg,dataset1/leopard/0043.jpg,leopard
/Users/vadimkotlarskij/Desktop/Python/Lab2/dataset1/leopard/0719.jpg,dataset1/leopard/0719.jpg,leopard
/Users/vadimkotlarskij/Desktop/Python/Lab2/dataset1/leopard/0069.jpg,dataset1/leopard/0069.jpg,leopard
/Users/vadimkotlarskij/Desktop/Python/Lab2/dataset1/leopard/0733.jpg,dataset1/leopard/0733.jpg,leopard
/Users/vadimkotlarskij/Desktop/Python/Lab2/dataset1/leopard/0055.jpg,dataset1/leopard/0055.jpg,leopard
/Users/vadimkotlarskij/Desktop/Python/Lab2/dataset1/leopard/0041.jpg,dataset1/leopard/0041.jpg,leopard
/Users/vadimkotlarskij/Desktop/Python/Lab2/dataset1/leopard/0727.jpg,dataset1/leopard/0727.jpg,leopard
/Users/vadimkotlarskij/Desktop/Python/Lab2/dataset1/leopard/0914.jpg,dataset1/leopard/0914.jpg,leopard
/Users/vadimkotlarskij/Desktop/Python/Lab2/dataset1/leopard/0900.jpg,dataset1/leopard/0900.jpg,leopard
/Users/vadimkotlarskij/Desktop/Python/Lab2/dataset1/leopard/0928.jpg,dataset1/leopard/0928.jpg,leopard
/Users/vadimkotlarskij/Desktop/Python/Lab2/dataset1/leopard/0096.jpg,dataset1/leopard/0096.jpg,leopard
/Users/vadimkotlarskij/Desktop/Python/Lab2/dataset1/leopard/0082.jpg,dataset1/leopard/0082.jpg,leopard
/Users/vadimkotlarskij/Desktop/Python/Lab2/dataset1/leopard/0519.jpg,dataset1/leopard/0519.jpg,leopard
/Users/vadimkotlarskij/Desktop/Python/Lab2/dataset1/leopard/0257.jpg,dataset1/leopard/0257.jpg,leopard
/Users/vadimkotlarskij/Desktop/Python/Lab2/dataset1/leopard/0531.jpg,dataset1/leopard/0531.jpg,leopard
/Users/vadimkotlarskij/Desktop/Python/Lab2/dataset1/leopard/0525.jpg,dataset1/leopard/0525.jpg,leopard
/Users/vadimkotlarskij/Desktop/Python/Lab2/dataset1/leopard/0243.jpg,dataset1/leopard/0243.jpg,leopard
/Users/vadimkotlarskij/Desktop/Python/Lab2/dataset1/leopard/0294.jpg,dataset1/leopard/0294.jpg,leopard
/Users/vadimkotlarskij/Desktop/Python/Lab2/dataset1/leopard/0280.jpg,dataset1/leopard/0280.jpg,leopard
/Users/vadimkotlarskij/Desktop/Python/Lab2/dataset1/leopard/0479.jpg,dataset1/leopard/0479.jpg,leopard
/Users/vadimkotlarskij/Desktop/Python/Lab2/dataset1/leopard/0323.jpg,dataset1/leopard/0323.jpg,leopard
/Users/vadimkotlarskij/Desktop/Python/Lab2/dataset1/leopard/0445.jpg,dataset1/leopard/0445.jpg,leopard
/Users/vadimkotlarskij/Desktop/Python/Lab2/dataset1/leopard/0451.jpg,dataset1/leopard/0451.jpg,leopard
/Users/vadimkotlarskij/Desktop/Python/Lab2/dataset1/leopard/0337.jpg,dataset1/leopard/0337.jpg,leopard
/Users/vadimkotlarskij/Desktop/Python/Lab2/dataset1/leopard/0486.jpg,dataset1/leopard/0486.jpg,leopard
/Users/vadimkotlarskij/Desktop/Python/Lab2/dataset1/leopard/0492.jpg,dataset1/leopard/0492.jpg,leopard
/Users/vadimkotlarskij/Desktop/Python/Lab2/dataset1/leopard/0109.jpg,dataset1/leopard/0109.jpg,leopard
/Users/vadimkotlarskij/Desktop/Python/Lab2/dataset1/leopard/0647.jpg,dataset1/leopard/0647.jpg,leopard
/Users/vadimkotlarskij/Desktop/Python/Lab2/dataset1/leopard/0121.jpg,dataset1/leopard/0121.jpg,leopard
/Users/vadimkotlarskij/Desktop/Python/Lab2/dataset1/leopard/0135.jpg,dataset1/leopard/0135.jpg,leopard
/Users/vadimkotlarskij/Desktop/Python/Lab2/dataset1/leopard/0653.jpg,dataset1/leopard/0653.jpg,leopard
/Users/vadimkotlarskij/Desktop/Python/Lab2/dataset1/leopard/0860.jpg,dataset1/leopard/0860.jpg,leopard
/Users/vadimkotlarskij/Desktop/Python/Lab2/dataset1/leopard/0874.jpg,dataset1/leopard/0874.jpg,leopard
/Users/vadimkotlarskij/Desktop/Python/Lab2/dataset1/leopard/0684.jpg,dataset1/leopard/0684.jpg,leopard
/Users/vadimkotlarskij/Desktop/Python/Lab2/dataset1/leopard/0690.jpg,dataset1/leopard/0690.jpg,leopard
/Users/vadimkotlarskij/Desktop/Python/Lab2/dataset1/leopard/0848.jpg,dataset1/leopard/0848.jpg,leopard
/Users/vadimkotlarskij/Desktop/Python/Lab2/dataset1/leopard/0849.jpg,dataset1/leopard/0849.jpg,leopard
/Users/vadimkotlarskij/Desktop/Python/Lab2/dataset1/leopard/0691.jpg,dataset1/leopard/0691.jpg,leopard
/Users/vadimkotlarskij/Desktop/Python/Lab2/dataset1/leopard/0685.jpg,dataset1/leopard/0685.jpg,leopard
/Users/vadimkotlarskij/Desktop/Python/Lab2/dataset1/leopard/0875.jpg,dataset1/leopard/0875.jpg,leopard
/Users/vadimkotlarskij/Desktop/Python/Lab2/dataset1/leopard/0861.jpg,dataset1/leopard/0861.jpg,leopard
/Users/vadimkotlarskij/Desktop/Python/Lab2/dataset1/leopard/0134.jpg,dataset1/leopard/0134.jpg,leopard
/Users/vadimkotlarskij/Desktop/Python/Lab2/dataset1/leopard/0652.jpg,dataset1/leopard/0652.jpg,leopard
/Users/vadimkotlarskij/Desktop/Python/Lab2/dataset1/leopard/0646.jpg,dataset1/leopard/0646.jpg,leopard
/Users/vadimkotlarskij/Desktop/Python/Lab2/dataset1/leopard/0120.jpg,dataset1/leopard/0120.jpg,leopard
/Users/vadimkotlarskij/Desktop/Python/Lab2/dataset1/leopard/0108.jpg,dataset1/leopard/0108.jpg,leopard
/Users/vadimkotlarskij/Desktop/Python/Lab2/dataset1/leopard/0493.jpg,dataset1/leopard/0493.jpg,leopard
/Users/vadimkotlarskij/Desktop/Python/Lab2/dataset1/leopard/0487.jpg,dataset1/leopard/0487.jpg,leopard
/Users/vadimkotlarskij/Desktop/Python/Lab2/dataset1/leopard/0450.jpg,dataset1/leopard/0450.jpg,leopard
/Users/vadimkotlarskij/Desktop/Python/Lab2/dataset1/leopard/0336.jpg,dataset1/leopard/0336.jpg,leopard
/Users/vadimkotlarskij/Desktop/Python/Lab2/dataset1/leopard/0322.jpg,dataset1/leopard/0322.jpg,leopard
/Users/vadimkotlarskij/Desktop/Python/Lab2/dataset1/leopard/0444.jpg,dataset1/leopard/0444.jpg,leopard
/Users/vadimkotlarskij/Desktop/Python/Lab2/dataset1/leopard/0478.jpg,dataset1/leopard/0478.jpg,leopard
/Users/vadimkotlarskij/Desktop/Python/Lab2/dataset1/leopard/0281.jpg,dataset1/leopard/0281.jpg,leopard
/Users/vadimkotlarskij/Desktop/Python/Lab2/dataset1/leopard/0295.jpg,dataset1/leopard/0295.jpg,leopard
/Users/vadimkotlarskij/Desktop/Python/Lab2/dataset1/leopard/0524.jpg,dataset1/leopard/0524.jpg,leopard
/Users/vadimkotlarskij/Desktop/Python/Lab2/dataset1/leopard/0242.jpg,dataset1/leopard/0242.jpg,leopard
/Users/vadimkotlarskij/Desktop/Python/Lab2/dataset1/leopard/0256.jpg,dataset1/leopard/0256.jpg,leopard
/Users/vadimkotlarskij/Desktop/Python/Lab2/dataset1/leopard/0530.jpg,dataset1/leopard/0530.jpg,leopard
/Users/vadimkotlarskij/Desktop/Python/Lab2/dataset1/leopard/0518.jpg,dataset1/leopard/0518.jpg,leopard
/Users/vadimkotlarskij/Desktop/Python/Lab2/dataset1/leopard/0083.jpg,dataset1/leopard/0083.jpg,leopard
/Users/vadimkotlarskij/Desktop/Python/Lab2/dataset1/leopard/0929.jpg,dataset1/leopard/0929.jpg,leopard
/Users/vadimkotlarskij/Desktop/Python/Lab2/dataset1/leopard/0097.jpg,dataset1/leopard/0097.jpg,leopard
/Users/vadimkotlarskij/Desktop/Python/Lab2/dataset1/leopard/0901.jpg,dataset1/leopard/0901.jpg,leopard
/Users/vadimkotlarskij/Desktop/Python/Lab2/dataset1/leopard/0915.jpg,dataset1/leopard/0915.jpg,leopard
/Users/vadimkotlarskij/Desktop/Python/Lab2/dataset1/leopard/0040.jpg,dataset1/leopard/0040.jpg,leopard
/Users/vadimkotlarskij/Desktop/Python/Lab2/dataset1/leopard/0726.jpg,dataset1/leopard/0726.jpg,leopard
/Users/vadimkotlarskij/Desktop/Python/Lab2/dataset1/leopard/0732.jpg,dataset1/leopard/0732.jpg,leopard
/Users/vadimkotlarskij/Desktop/Python/Lab2/dataset1/leopard/0054.jpg,dataset1/leopard/0054.jpg,leopard
/Users/vadimkotlarskij/Desktop/Python/Lab2/dataset1/leopard/0068.jpg,dataset1/leopard/0068.jpg,leopard
