/Users/vadimkotlarskij/Desktop/Python/Lab2/dataset1/tiger/0071.jpg,dataset1/tiger/0071.jpg,tiger
/Users/vadimkotlarskij/Desktop/Python/Lab2/dataset1/tiger/0717.jpg,dataset1/tiger/0717.jpg,tiger
/Users/vadimkotlarskij/Desktop/Python/Lab2/dataset1/tiger/0703.jpg,dataset1/tiger/0703.jpg,tiger
/Users/vadimkotlarskij/Desktop/Python/Lab2/dataset1/tiger/0065.jpg,dataset1/tiger/0065.jpg,tiger
/Users/vadimkotlarskij/Desktop/Python/Lab2/dataset1/tiger/0059.jpg,dataset1/tiger/0059.jpg,tiger
/Users/vadimkotlarskij/Desktop/Python/Lab2/dataset1/tiger/0918.jpg,dataset1/tiger/0918.jpg,tiger
/Users/vadimkotlarskij/Desktop/Python/Lab2/dataset1/tiger/0930.jpg,dataset1/tiger/0930.jpg,tiger
/Users/vadimkotlarskij/Desktop/Python/Lab2/dataset1/tiger/0924.jpg,dataset1/tiger/0924.jpg,tiger
/Users/vadimkotlarskij/Desktop/Python/Lab2/dataset1/tiger/0515.jpg,dataset1/tiger/0515.jpg,tiger
/Users/vadimkotlarskij/Desktop/Python/Lab2/dataset1/tiger/0273.jpg,dataset1/tiger/0273.jpg,tiger
/Users/vadimkotlarskij/Desktop/Python/Lab2/dataset1/tiger/0267.jpg,dataset1/tiger/0267.jpg,tiger
/Users/vadimkotlarskij/Desktop/Python/Lab2/dataset1/tiger/0501.jpg,dataset1/tiger/0501.jpg,tiger
/Users/vadimkotlarskij/Desktop/Python/Lab2/dataset1/tiger/0529.jpg,dataset1/tiger/0529.jpg,tiger
/Users/vadimkotlarskij/Desktop/Python/Lab2/dataset1/tiger/0298.jpg,dataset1/tiger/0298.jpg,tiger
/Users/vadimkotlarskij/Desktop/Python/Lab2/dataset1/tiger/0461.jpg,dataset1/tiger/0461.jpg,tiger
/Users/vadimkotlarskij/Desktop/Python/Lab2/dataset1/tiger/0307.jpg,dataset1/tiger/0307.jpg,tiger
/Users/vadimkotlarskij/Desktop/Python/Lab2/dataset1/tiger/0313.jpg,dataset1/tiger/0313.jpg,tiger
/Users/vadimkotlarskij/Desktop/Python/Lab2/dataset1/tiger/0475.jpg,dataset1/tiger/0475.jpg,tiger
/Users/vadimkotlarskij/Desktop/Python/Lab2/dataset1/tiger/0449.jpg,dataset1/tiger/0449.jpg,tiger
/Users/vadimkotlarskij/Desktop/Python/Lab2/dataset1/tiger/0105.jpg,dataset1/tiger/0105.jpg,tiger
/Users/vadimkotlarskij/Desktop/Python/Lab2/dataset1/tiger/0663.jpg,dataset1/tiger/0663.jpg,tiger
/Users/vadimkotlarskij/Desktop/Python/Lab2/dataset1/tiger/0677.jpg,dataset1/tiger/0677.jpg,tiger
/Users/vadimkotlarskij/Desktop/Python/Lab2/dataset1/tiger/0111.jpg,dataset1/tiger/0111.jpg,tiger
/Users/vadimkotlarskij/Desktop/Python/Lab2/dataset1/tiger/0139.jpg,dataset1/tiger/0139.jpg,tiger
/Users/vadimkotlarskij/Desktop/Python/Lab2/dataset1/tiger/0887.jpg,dataset1/tiger/0887.jpg,tiger
/Users/vadimkotlarskij/Desktop/Python/Lab2/dataset1/tiger/0893.jpg,dataset1/tiger/0893.jpg,tiger
/Users/vadimkotlarskij/Desktop/Python/Lab2/dataset1/tiger/0878.jpg,dataset1/tiger/0878.jpg,tiger
/Users/vadimkotlarskij/Desktop/Python/Lab2/dataset1/tiger/0844.jpg,dataset1/tiger/0844.jpg,tiger
/Users/vadimkotlarskij/Desktop/Python/Lab2/dataset1/tiger/0688.jpg,dataset1/tiger/0688.jpg,tiger
/Users/vadimkotlarskij/Desktop/Python/Lab2/dataset1/tiger/0850.jpg,dataset1/tiger/0850.jpg,tiger
/Users/vadimkotlarskij/Desktop/Python/Lab2/dataset1/tiger/0851.jpg,dataset1/tiger/0851.jpg,tiger
/Users/vadimkotlarskij/Desktop/Python/Lab2/dataset1/tiger/0689.jpg,dataset1/tiger/0689.jpg,tiger
/Users/vadimkotlarskij/Desktop/Python/Lab2/dataset1/tiger/0845.jpg,dataset1/tiger/0845.jpg,tiger
/Users/vadimkotlarskij/Desktop/Python/Lab2/dataset1/tiger/0879.jpg,dataset1/tiger/0879.jpg,tiger
/Users/vadimkotlarskij/Desktop/Python/Lab2/dataset1/tiger/0892.jpg,dataset1/tiger/0892.jpg,tiger
/Users/vadimkotlarskij/Desktop/Python/Lab2/dataset1/tiger/0138.jpg,dataset1/tiger/0138.jpg,tiger
/Users/vadimkotlarskij/Desktop/Python/Lab2/dataset1/tiger/0886.jpg,dataset1/tiger/0886.jpg,tiger
/Users/vadimkotlarskij/Desktop/Python/Lab2/dataset1/tiger/0676.jpg,dataset1/tiger/0676.jpg,tiger
/Users/vadimkotlarskij/Desktop/Python/Lab2/dataset1/tiger/0110.jpg,dataset1/tiger/0110.jpg,tiger
/Users/vadimkotlarskij/Desktop/Python/Lab2/dataset1/tiger/0104.jpg,dataset1/tiger/0104.jpg,tiger
/Users/vadimkotlarskij/Desktop/Python/Lab2/dataset1/tiger/0662.jpg,dataset1/tiger/0662.jpg,tiger
/Users/vadimkotlarskij/Desktop/Python/Lab2/dataset1/tiger/0448.jpg,dataset1/tiger/0448.jpg,tiger
/Users/vadimkotlarskij/Desktop/Python/Lab2/dataset1/tiger/0312.jpg,dataset1/tiger/0312.jpg,tiger
/Users/vadimkotlarskij/Desktop/Python/Lab2/dataset1/tiger/0474.jpg,dataset1/tiger/0474.jpg,tiger
/Users/vadimkotlarskij/Desktop/Python/Lab2/dataset1/tiger/0460.jpg,dataset1/tiger/0460.jpg,tiger
/Users/vadimkotlarskij/Desktop/Python/Lab2/dataset1/tiger/0306.jpg,dataset1/tiger/0306.jpg,tiger
/Users/vadimkotlarskij/Desktop/Python/Lab2/dataset1/tiger/0299.jpg,dataset1/tiger/0299.jpg,tiger
/Users/vadimkotlarskij/Desktop/Python/Lab2/dataset1/tiger/0528.jpg,dataset1/tiger/0528.jpg,tiger
/Users/vadimkotlarskij/Desktop/Python/Lab2/dataset1/tiger/0266.jpg,dataset1/tiger/0266.jpg,tiger
/Users/vadimkotlarskij/Desktop/Python/Lab2/dataset1/tiger/0500.jpg,dataset1/tiger/0500.jpg,tiger
/Users/vadimkotlarskij/Desktop/Python/Lab2/dataset1/tiger/0514.jpg,dataset1/tiger/0514.jpg,tiger
/Users/vadimkotlarskij/Desktop/Python/Lab2/dataset1/tiger/0272.jpg,dataset1/tiger/0272.jpg,tiger
/Users/vadimkotlarskij/Desktop/Python/Lab2/dataset1/tiger/0925.jpg,dataset1/tiger/0925.jpg,tiger
/Users/vadimkotlarskij/Desktop/Python/Lab2/dataset1/tiger/0931.jpg,dataset1/tiger/0931.jpg,tiger
/Users/vadimkotlarskij/Desktop/Python/Lab2/dataset1/tiger/0919.jpg,dataset1/tiger/0919.jpg,tiger
/Users/vadimkotlarskij/Desktop/Python/Lab2/dataset1/tiger/0058.jpg,dataset1/tiger/0058.jpg,tiger
/Users/vadimkotlarskij/Desktop/Python/Lab2/dataset1/tiger/0702.jpg,dataset1/tiger/0702.jpg,tiger
/Users/vadimkotlarskij/Desktop/Python/Lab2/dataset1/tiger/0064.jpg,dataset1/tiger/0064.jpg,tiger
/Users/vadimkotlarskij/Desktop/Python/Lab2/dataset1/tiger/0070.jpg,dataset1/tiger/0070.jpg,tiger
/Users/vadimkotlarskij/Desktop/Python/Lab2/dataset1/tiger/0716.jpg,dataset1/tiger/0716.jpg,tiger
/Users/vadimkotlarskij/Desktop/Python/Lab2/dataset1/tiger/0066.jpg,dataset1/tiger/0066.jpg,tiger
/Users/vadimkotlarskij/Desktop/Python/Lab2/dataset1/tiger/0700.jpg,dataset1/tiger/0700.jpg,tiger
/Users/vadimkotlarskij/Desktop/Python/Lab2/dataset1/tiger/0714.jpg,dataset1/tiger/0714.jpg,tiger
/Users/vadimkotlarskij/Desktop/Python/Lab2/dataset1/tiger/0072.jpg,dataset1/tiger/0072.jpg,tiger
/Users/vadimkotlarskij/Desktop/Python/Lab2/dataset1/tiger/0728.jpg,dataset1/tiger/0728.jpg,tiger
/Users/vadimkotlarskij/Desktop/Python/Lab2/dataset1/tiger/0099.jpg,dataset1/tiger/0099.jpg,tiger
/Users/vadimkotlarskij/Desktop/Python/Lab2/dataset1/tiger/0927.jpg,dataset1/tiger/0927.jpg,tiger
/Users/vadimkotlarskij/Desktop/Python/Lab2/dataset1/tiger/0933.jpg,dataset1/tiger/0933.jpg,tiger
/Users/vadimkotlarskij/Desktop/Python/Lab2/dataset1/tiger/0502.jpg,dataset1/tiger/0502.jpg,tiger
/Users/vadimkotlarskij/Desktop/Python/Lab2/dataset1/tiger/0264.jpg,dataset1/tiger/0264.jpg,tiger
/Users/vadimkotlarskij/Desktop/Python/Lab2/dataset1/tiger/0270.jpg,dataset1/tiger/0270.jpg,tiger
/Users/vadimkotlarskij/Desktop/Python/Lab2/dataset1/tiger/0516.jpg,dataset1/tiger/0516.jpg,tiger
/Users/vadimkotlarskij/Desktop/Python/Lab2/dataset1/tiger/0258.jpg,dataset1/tiger/0258.jpg,tiger
/Users/vadimkotlarskij/Desktop/Python/Lab2/dataset1/tiger/0476.jpg,dataset1/tiger/0476.jpg,tiger
/Users/vadimkotlarskij/Desktop/Python/Lab2/dataset1/tiger/0310.jpg,dataset1/tiger/0310.jpg,tiger
/Users/vadimkotlarskij/Desktop/Python/Lab2/dataset1/tiger/0304.jpg,dataset1/tiger/0304.jpg,tiger
/Users/vadimkotlarskij/Desktop/Python/Lab2/dataset1/tiger/0462.jpg,dataset1/tiger/0462.jpg,tiger
/Users/vadimkotlarskij/Desktop/Python/Lab2/dataset1/tiger/0338.jpg,dataset1/tiger/0338.jpg,tiger
/Users/vadimkotlarskij/Desktop/Python/Lab2/dataset1/tiger/0489.jpg,dataset1/tiger/0489.jpg,tiger
/Users/vadimkotlarskij/Desktop/Python/Lab2/dataset1/tiger/0112.jpg,dataset1/tiger/0112.jpg,tiger
/Users/vadimkotlarskij/Desktop/Python/Lab2/dataset1/tiger/0674.jpg,dataset1/tiger/0674.jpg,tiger
/Users/vadimkotlarskij/Desktop/Python/Lab2/dataset1/tiger/0660.jpg,dataset1/tiger/0660.jpg,tiger
/Users/vadimkotlarskij/Desktop/Python/Lab2/dataset1/tiger/0106.jpg,dataset1/tiger/0106.jpg,tiger
/Users/vadimkotlarskij/Desktop/Python/Lab2/dataset1/tiger/0890.jpg,dataset1/tiger/0890.jpg,tiger
/Users/vadimkotlarskij/Desktop/Python/Lab2/dataset1/tiger/0648.jpg,dataset1/tiger/0648.jpg,tiger
/Users/vadimkotlarskij/Desktop/Python/Lab2/dataset1/tiger/0884.jpg,dataset1/tiger/0884.jpg,tiger
/Users/vadimkotlarskij/Desktop/Python/Lab2/dataset1/tiger/0853.jpg,dataset1/tiger/0853.jpg,tiger
/Users/vadimkotlarskij/Desktop/Python/Lab2/dataset1/tiger/0847.jpg,dataset1/tiger/0847.jpg,tiger
/Users/vadimkotlarskij/Desktop/Python/Lab2/dataset1/tiger/0846.jpg,dataset1/tiger/0846.jpg,tiger
/Users/vadimkotlarskij/Desktop/Python/Lab2/dataset1/tiger/0852.jpg,dataset1/tiger/0852.jpg,tiger
/Users/vadimkotlarskij/Desktop/Python/Lab2/dataset1/tiger/0885.jpg,dataset1/tiger/0885.jpg,tiger
/Users/vadimkotlarskij/Desktop/Python/Lab2/dataset1/tiger/0649.jpg,dataset1/tiger/0649.jpg,tiger
/Users/vadimkotlarskij/Desktop/Python/Lab2/dataset1/tiger/0891.jpg,dataset1/tiger/0891.jpg,tiger
/Users/vadimkotlarskij/Desktop/Python/Lab2/dataset1/tiger/0661.jpg,dataset1/tiger/0661.jpg,tiger
/Users/vadimkotlarskij/Desktop/Python/Lab2/dataset1/tiger/0107.jpg,dataset1/tiger/0107.jpg,tiger
/Users/vadimkotlarskij/Desktop/Python/Lab2/dataset1/tiger/0113.jpg,dataset1/tiger/0113.jpg,tiger
/Users/vadimkotlarskij/Desktop/Python/Lab2/dataset1/tiger/0675.jpg,dataset1/tiger/0675.jpg,tiger
/Users/vadimkotlarskij/Desktop/Python/Lab2/dataset1/tiger/0488.jpg,dataset1/tiger/0488.jpg,tiger
/Users/vadimkotlarskij/Desktop/Python/Lab2/dataset1/tiger/0339.jpg,dataset1/tiger/0339.jpg,tiger
/Users/vadimkotlarskij/Desktop/Python/Lab2/dataset1/tiger/0305.jpg,dataset1/tiger/0305.jpg,tiger
/Users/vadimkotlarskij/Desktop/Python/Lab2/dataset1/tiger/0463.jpg,dataset1/tiger/0463.jpg,tiger
/Users/vadimkotlarskij/Desktop/Python/Lab2/dataset1/tiger/0477.jpg,dataset1/tiger/0477.jpg,tiger
/Users/vadimkotlarskij/Desktop/Python/Lab2/dataset1/tiger/0311.jpg,dataset1/tiger/0311.jpg,tiger
/Users/vadimkotlarskij/Desktop/Python/Lab2/dataset1/tiger/0259.jpg,dataset1/tiger/0259.jpg,tiger
/Users/vadimkotlarskij/Desktop/Python/Lab2/dataset1/tiger/0271.jpg,dataset1/tiger/0271.jpg,tiger
/Users/vadimkotlarskij/Desktop/Python/Lab2/dataset1/tiger/0517.jpg,dataset1/tiger/0517.jpg,tiger
/Users/vadimkotlarskij/Desktop/Python/Lab2/dataset1/tiger/0503.jpg,dataset1/tiger/0503.jpg,tiger
/Users/vadimkotlarskij/Desktop/Python/Lab2/dataset1/tiger/0265.jpg,dataset1/tiger/0265.jpg,tiger
/Users/vadimkotlarskij/Desktop/Python/Lab2/dataset1/tiger/0932.jpg,dataset1/tiger/0932.jpg,tiger
/Users/vadimkotlarskij/Desktop/Python/Lab2/dataset1/tiger/0098.jpg,dataset1/tiger/0098.jpg,tiger
/Users/vadimkotlarskij/Desktop/Python/Lab2/dataset1/tiger/0926.jpg,dataset1/tiger/0926.jpg,tiger
/Users/vadimkotlarskij/Desktop/Python/Lab2/dataset1/tiger/0729.jpg,dataset1/tiger/0729.jpg,tiger
/Users/vadimkotlarskij/Desktop/Python/Lab2/dataset1/tiger/0715.jpg,dataset1/tiger/0715.jpg,tiger
/Users/vadimkotlarskij/Desktop/Python/Lab2/dataset1/tiger/0073.jpg,dataset1/tiger/0073.jpg,tiger
/Users/vadimkotlarskij/Desktop/Python/Lab2/dataset1/tiger/0067.jpg,dataset1/tiger/0067.jpg,tiger
/Users/vadimkotlarskij/Desktop/Python/Lab2/dataset1/tiger/0701.jpg,dataset1/tiger/0701.jpg,tiger
/Users/vadimkotlarskij/Desktop/Python/Lab2/dataset1/tiger/0739.jpg,dataset1/tiger/0739.jpg,tiger
/Users/vadimkotlarskij/Desktop/Python/Lab2/dataset1/tiger/0705.jpg,dataset1/tiger/0705.jpg,tiger
/Users/vadimkotlarskij/Desktop/Python/Lab2/dataset1/tiger/0063.jpg,dataset1/tiger/0063.jpg,tiger
/Users/vadimkotlarskij/Desktop/Python/Lab2/dataset1/tiger/0077.jpg,dataset1/tiger/0077.jpg,tiger
/Users/vadimkotlarskij/Desktop/Python/Lab2/dataset1/tiger/0711.jpg,dataset1/tiger/0711.jpg,tiger
/Users/vadimkotlarskij/Desktop/Python/Lab2/dataset1/tiger/0922.jpg,dataset1/tiger/0922.jpg,tiger
/Users/vadimkotlarskij/Desktop/Python/Lab2/dataset1/tiger/0088.jpg,dataset1/tiger/0088.jpg,tiger
/Users/vadimkotlarskij/Desktop/Python/Lab2/dataset1/tiger/0936.jpg,dataset1/tiger/0936.jpg,tiger
/Users/vadimkotlarskij/Desktop/Python/Lab2/dataset1/tiger/0249.jpg,dataset1/tiger/0249.jpg,tiger
/Users/vadimkotlarskij/Desktop/Python/Lab2/dataset1/tiger/0261.jpg,dataset1/tiger/0261.jpg,tiger
/Users/vadimkotlarskij/Desktop/Python/Lab2/dataset1/tiger/0507.jpg,dataset1/tiger/0507.jpg,tiger
/Users/vadimkotlarskij/Desktop/Python/Lab2/dataset1/tiger/0513.jpg,dataset1/tiger/0513.jpg,tiger
/Users/vadimkotlarskij/Desktop/Python/Lab2/dataset1/tiger/0275.jpg,dataset1/tiger/0275.jpg,tiger
/Users/vadimkotlarskij/Desktop/Python/Lab2/dataset1/tiger/0329.jpg,dataset1/tiger/0329.jpg,tiger
/Users/vadimkotlarskij/Desktop/Python/Lab2/dataset1/tiger/0315.jpg,dataset1/tiger/0315.jpg,tiger
/Users/vadimkotlarskij/Desktop/Python/Lab2/dataset1/tiger/0473.jpg,dataset1/tiger/0473.jpg,tiger
/Users/vadimkotlarskij/Desktop/Python/Lab2/dataset1/tiger/0467.jpg,dataset1/tiger/0467.jpg,tiger
/Users/vadimkotlarskij/Desktop/Python/Lab2/dataset1/tiger/0301.jpg,dataset1/tiger/0301.jpg,tiger
/Users/vadimkotlarskij/Desktop/Python/Lab2/dataset1/tiger/0498.jpg,dataset1/tiger/0498.jpg,tiger
/Users/vadimkotlarskij/Desktop/Python/Lab2/dataset1/tiger/0895.jpg,dataset1/tiger/0895.jpg,tiger
/Users/vadimkotlarskij/Desktop/Python/Lab2/dataset1/tiger/0881.jpg,dataset1/tiger/0881.jpg,tiger
/Users/vadimkotlarskij/Desktop/Python/Lab2/dataset1/tiger/0659.jpg,dataset1/tiger/0659.jpg,tiger
/Users/vadimkotlarskij/Desktop/Python/Lab2/dataset1/tiger/0671.jpg,dataset1/tiger/0671.jpg,tiger
/Users/vadimkotlarskij/Desktop/Python/Lab2/dataset1/tiger/0117.jpg,dataset1/tiger/0117.jpg,tiger
/Users/vadimkotlarskij/Desktop/Python/Lab2/dataset1/tiger/0103.jpg,dataset1/tiger/0103.jpg,tiger
/Users/vadimkotlarskij/Desktop/Python/Lab2/dataset1/tiger/0665.jpg,dataset1/tiger/0665.jpg,tiger
/Users/vadimkotlarskij/Desktop/Python/Lab2/dataset1/tiger/0856.jpg,dataset1/tiger/0856.jpg,tiger
/Users/vadimkotlarskij/Desktop/Python/Lab2/dataset1/tiger/0842.jpg,dataset1/tiger/0842.jpg,tiger
/Users/vadimkotlarskij/Desktop/Python/Lab2/dataset1/tiger/0843.jpg,dataset1/tiger/0843.jpg,tiger
/Users/vadimkotlarskij/Desktop/Python/Lab2/dataset1/tiger/0857.jpg,dataset1/tiger/0857.jpg,tiger
/Users/vadimkotlarskij/Desktop/Python/Lab2/dataset1/tiger/0102.jpg,dataset1/tiger/0102.jpg,tiger
/Users/vadimkotlarskij/Desktop/Python/Lab2/dataset1/tiger/0664.jpg,dataset1/tiger/0664.jpg,tiger
/Users/vadimkotlarskij/Desktop/Python/Lab2/dataset1/tiger/0670.jpg,dataset1/tiger/0670.jpg,tiger
/Users/vadimkotlarskij/Desktop/Python/Lab2/dataset1/tiger/0116.jpg,dataset1/tiger/0116.jpg,tiger
/Users/vadimkotlarskij/Desktop/Python/Lab2/dataset1/tiger/0658.jpg,dataset1/tiger/0658.jpg,tiger
/Users/vadimkotlarskij/Desktop/Python/Lab2/dataset1/tiger/0880.jpg,dataset1/tiger/0880.jpg,tiger
/Users/vadimkotlarskij/Desktop/Python/Lab2/dataset1/tiger/0894.jpg,dataset1/tiger/0894.jpg,tiger
/Users/vadimkotlarskij/Desktop/Python/Lab2/dataset1/tiger/0499.jpg,dataset1/tiger/0499.jpg,tiger
/Users/vadimkotlarskij/Desktop/Python/Lab2/dataset1/tiger/0466.jpg,dataset1/tiger/0466.jpg,tiger
/Users/vadimkotlarskij/Desktop/Python/Lab2/dataset1/tiger/0300.jpg,dataset1/tiger/0300.jpg,tiger
/Users/vadimkotlarskij/Desktop/Python/Lab2/dataset1/tiger/0314.jpg,dataset1/tiger/0314.jpg,tiger
/Users/vadimkotlarskij/Desktop/Python/Lab2/dataset1/tiger/0472.jpg,dataset1/tiger/0472.jpg,tiger
/Users/vadimkotlarskij/Desktop/Python/Lab2/dataset1/tiger/0328.jpg,dataset1/tiger/0328.jpg,tiger
/Users/vadimkotlarskij/Desktop/Python/Lab2/dataset1/tiger/0512.jpg,dataset1/tiger/0512.jpg,tiger
/Users/vadimkotlarskij/Desktop/Python/Lab2/dataset1/tiger/0274.jpg,dataset1/tiger/0274.jpg,tiger
/Users/vadimkotlarskij/Desktop/Python/Lab2/dataset1/tiger/0260.jpg,dataset1/tiger/0260.jpg,tiger
/Users/vadimkotlarskij/Desktop/Python/Lab2/dataset1/tiger/0506.jpg,dataset1/tiger/0506.jpg,tiger
/Users/vadimkotlarskij/Desktop/Python/Lab2/dataset1/tiger/0248.jpg,dataset1/tiger/0248.jpg,tiger
/Users/vadimkotlarskij/Desktop/Python/Lab2/dataset1/tiger/0089.jpg,dataset1/tiger/0089.jpg,tiger
/Users/vadimkotlarskij/Desktop/Python/Lab2/dataset1/tiger/0937.jpg,dataset1/tiger/0937.jpg,tiger
/Users/vadimkotlarskij/Desktop/Python/Lab2/dataset1/tiger/0923.jpg,dataset1/tiger/0923.jpg,tiger
/Users/vadimkotlarskij/Desktop/Python/Lab2/dataset1/tiger/0076.jpg,dataset1/tiger/0076.jpg,tiger
/Users/vadimkotlarskij/Desktop/Python/Lab2/dataset1/tiger/0710.jpg,dataset1/tiger/0710.jpg,tiger
/Users/vadimkotlarskij/Desktop/Python/Lab2/dataset1/tiger/0704.jpg,dataset1/tiger/0704.jpg,tiger
/Users/vadimkotlarskij/Desktop/Python/Lab2/dataset1/tiger/0062.jpg,dataset1/tiger/0062.jpg,tiger
/Users/vadimkotlarskij/Desktop/Python/Lab2/dataset1/tiger/0738.jpg,dataset1/tiger/0738.jpg,tiger
/Users/vadimkotlarskij/Desktop/Python/Lab2/dataset1/tiger/0048.jpg,dataset1/tiger/0048.jpg,tiger
/Users/vadimkotlarskij/Desktop/Python/Lab2/dataset1/tiger/0712.jpg,dataset1/tiger/0712.jpg,tiger
/Users/vadimkotlarskij/Desktop/Python/Lab2/dataset1/tiger/0074.jpg,dataset1/tiger/0074.jpg,tiger
/Users/vadimkotlarskij/Desktop/Python/Lab2/dataset1/tiger/0060.jpg,dataset1/tiger/0060.jpg,tiger
/Users/vadimkotlarskij/Desktop/Python/Lab2/dataset1/tiger/0706.jpg,dataset1/tiger/0706.jpg,tiger
/Users/vadimkotlarskij/Desktop/Python/Lab2/dataset1/tiger/0935.jpg,dataset1/tiger/0935.jpg,tiger
/Users/vadimkotlarskij/Desktop/Python/Lab2/dataset1/tiger/0921.jpg,dataset1/tiger/0921.jpg,tiger
/Users/vadimkotlarskij/Desktop/Python/Lab2/dataset1/tiger/0909.jpg,dataset1/tiger/0909.jpg,tiger
/Users/vadimkotlarskij/Desktop/Python/Lab2/dataset1/tiger/0538.jpg,dataset1/tiger/0538.jpg,tiger
/Users/vadimkotlarskij/Desktop/Python/Lab2/dataset1/tiger/0276.jpg,dataset1/tiger/0276.jpg,tiger
/Users/vadimkotlarskij/Desktop/Python/Lab2/dataset1/tiger/0510.jpg,dataset1/tiger/0510.jpg,tiger
/Users/vadimkotlarskij/Desktop/Python/Lab2/dataset1/tiger/0504.jpg,dataset1/tiger/0504.jpg,tiger
/Users/vadimkotlarskij/Desktop/Python/Lab2/dataset1/tiger/0262.jpg,dataset1/tiger/0262.jpg,tiger
/Users/vadimkotlarskij/Desktop/Python/Lab2/dataset1/tiger/0289.jpg,dataset1/tiger/0289.jpg,tiger
/Users/vadimkotlarskij/Desktop/Python/Lab2/dataset1/tiger/0458.jpg,dataset1/tiger/0458.jpg,tiger
/Users/vadimkotlarskij/Desktop/Python/Lab2/dataset1/tiger/0302.jpg,dataset1/tiger/0302.jpg,tiger
/Users/vadimkotlarskij/Desktop/Python/Lab2/dataset1/tiger/0464.jpg,dataset1/tiger/0464.jpg,tiger
/Users/vadimkotlarskij/Desktop/Python/Lab2/dataset1/tiger/0470.jpg,dataset1/tiger/0470.jpg,tiger
/Users/vadimkotlarskij/Desktop/Python/Lab2/dataset1/tiger/0316.jpg,dataset1/tiger/0316.jpg,tiger
/Users/vadimkotlarskij/Desktop/Python/Lab2/dataset1/tiger/0882.jpg,dataset1/tiger/0882.jpg,tiger
/Users/vadimkotlarskij/Desktop/Python/Lab2/dataset1/tiger/0128.jpg,dataset1/tiger/0128.jpg,tiger
/Users/vadimkotlarskij/Desktop/Python/Lab2/dataset1/tiger/0896.jpg,dataset1/tiger/0896.jpg,tiger
/Users/vadimkotlarskij/Desktop/Python/Lab2/dataset1/tiger/0666.jpg,dataset1/tiger/0666.jpg,tiger
/Users/vadimkotlarskij/Desktop/Python/Lab2/dataset1/tiger/0100.jpg,dataset1/tiger/0100.jpg,tiger
/Users/vadimkotlarskij/Desktop/Python/Lab2/dataset1/tiger/0114.jpg,dataset1/tiger/0114.jpg,tiger
/Users/vadimkotlarskij/Desktop/Python/Lab2/dataset1/tiger/0672.jpg,dataset1/tiger/0672.jpg,tiger
/Users/vadimkotlarskij/Desktop/Python/Lab2/dataset1/tiger/0699.jpg,dataset1/tiger/0699.jpg,tiger
/Users/vadimkotlarskij/Desktop/Python/Lab2/dataset1/tiger/0841.jpg,dataset1/tiger/0841.jpg,tiger
/Users/vadimkotlarskij/Desktop/Python/Lab2/dataset1/tiger/0855.jpg,dataset1/tiger/0855.jpg,tiger
/Users/vadimkotlarskij/Desktop/Python/Lab2/dataset1/tiger/0869.jpg,dataset1/tiger/0869.jpg,tiger
/Users/vadimkotlarskij/Desktop/Python/Lab2/dataset1/tiger/0868.jpg,dataset1/tiger/0868.jpg,tiger
/Users/vadimkotlarskij/Desktop/Python/Lab2/dataset1/tiger/0854.jpg,dataset1/tiger/0854.jpg,tiger
/Users/vadimkotlarskij/Desktop/Python/Lab2/dataset1/tiger/0840.jpg,dataset1/tiger/0840.jpg,tiger
/Users/vadimkotlarskij/Desktop/Python/Lab2/dataset1/tiger/0698.jpg,dataset1/tiger/0698.jpg,tiger
/Users/vadimkotlarskij/Desktop/Python/Lab2/dataset1/tiger/0115.jpg,dataset1/tiger/0115.jpg,tiger
/Users/vadimkotlarskij/Desktop/Python/Lab2/dataset1/tiger/0673.jpg,dataset1/tiger/0673.jpg,tiger
/Users/vadimkotlarskij/Desktop/Python/Lab2/dataset1/tiger/0667.jpg,dataset1/tiger/0667.jpg,tiger
/Users/vadimkotlarskij/Desktop/Python/Lab2/dataset1/tiger/0101.jpg,dataset1/tiger/0101.jpg,tiger
/Users/vadimkotlarskij/Desktop/Python/Lab2/dataset1/tiger/0129.jpg,dataset1/tiger/0129.jpg,tiger
/Users/vadimkotlarskij/Desktop/Python/Lab2/dataset1/tiger/0897.jpg,dataset1/tiger/0897.jpg,tiger
/Users/vadimkotlarskij/Desktop/Python/Lab2/dataset1/tiger/0883.jpg,dataset1/tiger/0883.jpg,tiger
/Users/vadimkotlarskij/Desktop/Python/Lab2/dataset1/tiger/0471.jpg,dataset1/tiger/0471.jpg,tiger
/Users/vadimkotlarskij/Desktop/Python/Lab2/dataset1/tiger/0317.jpg,dataset1/tiger/0317.jpg,tiger
/Users/vadimkotlarskij/Desktop/Python/Lab2/dataset1/tiger/0303.jpg,dataset1/tiger/0303.jpg,tiger
/Users/vadimkotlarskij/Desktop/Python/Lab2/dataset1/tiger/0465.jpg,dataset1/tiger/0465.jpg,tiger
/Users/vadimkotlarskij/Desktop/Python/Lab2/dataset1/tiger/0459.jpg,dataset1/tiger/0459.jpg,tiger
/Users/vadimkotlarskij/Desktop/Python/Lab2/dataset1/tiger/0288.jpg,dataset1/tiger/0288.jpg,tiger
/Users/vadimkotlarskij/Desktop/Python/Lab2/dataset1/tiger/0505.jpg,dataset1/tiger/0505.jpg,tiger
/Users/vadimkotlarskij/Desktop/Python/Lab2/dataset1/tiger/0263.jpg,dataset1/tiger/0263.jpg,tiger
/Users/vadimkotlarskij/Desktop/Python/Lab2/dataset1/tiger/0277.jpg,dataset1/tiger/0277.jpg,tiger
/Users/vadimkotlarskij/Desktop/Python/Lab2/dataset1/tiger/0511.jpg,dataset1/tiger/0511.jpg,tiger
/Users/vadimkotlarskij/Desktop/Python/Lab2/dataset1/tiger/0539.jpg,dataset1/tiger/0539.jpg,tiger
/Users/vadimkotlarskij/Desktop/Python/Lab2/dataset1/tiger/0908.jpg,dataset1/tiger/0908.jpg,tiger
/Users/vadimkotlarskij/Desktop/Python/Lab2/dataset1/tiger/0920.jpg,dataset1/tiger/0920.jpg,tiger
/Users/vadimkotlarskij/Desktop/Python/Lab2/dataset1/tiger/0934.jpg,dataset1/tiger/0934.jpg,tiger
/Users/vadimkotlarskij/Desktop/Python/Lab2/dataset1/tiger/0061.jpg,dataset1/tiger/0061.jpg,tiger
/Users/vadimkotlarskij/Desktop/Python/Lab2/dataset1/tiger/0707.jpg,dataset1/tiger/0707.jpg,tiger
/Users/vadimkotlarskij/Desktop/Python/Lab2/dataset1/tiger/0713.jpg,dataset1/tiger/0713.jpg,tiger
/Users/vadimkotlarskij/Desktop/Python/Lab2/dataset1/tiger/0075.jpg,dataset1/tiger/0075.jpg,tiger
/Users/vadimkotlarskij/Desktop/Python/Lab2/dataset1/tiger/0049.jpg,dataset1/tiger/0049.jpg,tiger
/Users/vadimkotlarskij/Desktop/Python/Lab2/dataset1/tiger/0774.jpg,dataset1/tiger/0774.jpg,tiger
/Users/vadimkotlarskij/Desktop/Python/Lab2/dataset1/tiger/0012.jpg,dataset1/tiger/0012.jpg,tiger
/Users/vadimkotlarskij/Desktop/Python/Lab2/dataset1/tiger/0006.jpg,dataset1/tiger/0006.jpg,tiger
/Users/vadimkotlarskij/Desktop/Python/Lab2/dataset1/tiger/0760.jpg,dataset1/tiger/0760.jpg,tiger
/Users/vadimkotlarskij/Desktop/Python/Lab2/dataset1/tiger/0748.jpg,dataset1/tiger/0748.jpg,tiger
/Users/vadimkotlarskij/Desktop/Python/Lab2/dataset1/tiger/0953.jpg,dataset1/tiger/0953.jpg,tiger
/Users/vadimkotlarskij/Desktop/Python/Lab2/dataset1/tiger/0947.jpg,dataset1/tiger/0947.jpg,tiger
/Users/vadimkotlarskij/Desktop/Python/Lab2/dataset1/tiger/0210.jpg,dataset1/tiger/0210.jpg,tiger
/Users/vadimkotlarskij/Desktop/Python/Lab2/dataset1/tiger/0576.jpg,dataset1/tiger/0576.jpg,tiger
/Users/vadimkotlarskij/Desktop/Python/Lab2/dataset1/tiger/0562.jpg,dataset1/tiger/0562.jpg,tiger
/Users/vadimkotlarskij/Desktop/Python/Lab2/dataset1/tiger/0204.jpg,dataset1/tiger/0204.jpg,tiger
/Users/vadimkotlarskij/Desktop/Python/Lab2/dataset1/tiger/0238.jpg,dataset1/tiger/0238.jpg,tiger
/Users/vadimkotlarskij/Desktop/Python/Lab2/dataset1/tiger/0589.jpg,dataset1/tiger/0589.jpg,tiger
/Users/vadimkotlarskij/Desktop/Python/Lab2/dataset1/tiger/0364.jpg,dataset1/tiger/0364.jpg,tiger
/Users/vadimkotlarskij/Desktop/Python/Lab2/dataset1/tiger/0402.jpg,dataset1/tiger/0402.jpg,tiger
/Users/vadimkotlarskij/Desktop/Python/Lab2/dataset1/tiger/0416.jpg,dataset1/tiger/0416.jpg,tiger
/Users/vadimkotlarskij/Desktop/Python/Lab2/dataset1/tiger/0370.jpg,dataset1/tiger/0370.jpg,tiger
/Users/vadimkotlarskij/Desktop/Python/Lab2/dataset1/tiger/0358.jpg,dataset1/tiger/0358.jpg,tiger
/Users/vadimkotlarskij/Desktop/Python/Lab2/dataset1/tiger/0600.jpg,dataset1/tiger/0600.jpg,tiger
/Users/vadimkotlarskij/Desktop/Python/Lab2/dataset1/tiger/0166.jpg,dataset1/tiger/0166.jpg,tiger
/Users/vadimkotlarskij/Desktop/Python/Lab2/dataset1/tiger/0172.jpg,dataset1/tiger/0172.jpg,tiger
/Users/vadimkotlarskij/Desktop/Python/Lab2/dataset1/tiger/0614.jpg,dataset1/tiger/0614.jpg,tiger
/Users/vadimkotlarskij/Desktop/Python/Lab2/dataset1/tiger/0628.jpg,dataset1/tiger/0628.jpg,tiger
/Users/vadimkotlarskij/Desktop/Python/Lab2/dataset1/tiger/0827.jpg,dataset1/tiger/0827.jpg,tiger
/Users/vadimkotlarskij/Desktop/Python/Lab2/dataset1/tiger/0199.jpg,dataset1/tiger/0199.jpg,tiger
/Users/vadimkotlarskij/Desktop/Python/Lab2/dataset1/tiger/0833.jpg,dataset1/tiger/0833.jpg,tiger
/Users/vadimkotlarskij/Desktop/Python/Lab2/dataset1/tiger/0832.jpg,dataset1/tiger/0832.jpg,tiger
/Users/vadimkotlarskij/Desktop/Python/Lab2/dataset1/tiger/0826.jpg,dataset1/tiger/0826.jpg,tiger
/Users/vadimkotlarskij/Desktop/Python/Lab2/dataset1/tiger/0198.jpg,dataset1/tiger/0198.jpg,tiger
/Users/vadimkotlarskij/Desktop/Python/Lab2/dataset1/tiger/0629.jpg,dataset1/tiger/0629.jpg,tiger
/Users/vadimkotlarskij/Desktop/Python/Lab2/dataset1/tiger/0173.jpg,dataset1/tiger/0173.jpg,tiger
/Users/vadimkotlarskij/Desktop/Python/Lab2/dataset1/tiger/0615.jpg,dataset1/tiger/0615.jpg,tiger
/Users/vadimkotlarskij/Desktop/Python/Lab2/dataset1/tiger/0601.jpg,dataset1/tiger/0601.jpg,tiger
/Users/vadimkotlarskij/Desktop/Python/Lab2/dataset1/tiger/0167.jpg,dataset1/tiger/0167.jpg,tiger
/Users/vadimkotlarskij/Desktop/Python/Lab2/dataset1/tiger/0359.jpg,dataset1/tiger/0359.jpg,tiger
/Users/vadimkotlarskij/Desktop/Python/Lab2/dataset1/tiger/0417.jpg,dataset1/tiger/0417.jpg,tiger
/Users/vadimkotlarskij/Desktop/Python/Lab2/dataset1/tiger/0371.jpg,dataset1/tiger/0371.jpg,tiger
/Users/vadimkotlarskij/Desktop/Python/Lab2/dataset1/tiger/0365.jpg,dataset1/tiger/0365.jpg,tiger
/Users/vadimkotlarskij/Desktop/Python/Lab2/dataset1/tiger/0403.jpg,dataset1/tiger/0403.jpg,tiger
/Users/vadimkotlarskij/Desktop/Python/Lab2/dataset1/tiger/0588.jpg,dataset1/tiger/0588.jpg,tiger
/Users/vadimkotlarskij/Desktop/Python/Lab2/dataset1/tiger/0239.jpg,dataset1/tiger/0239.jpg,tiger
/Users/vadimkotlarskij/Desktop/Python/Lab2/dataset1/tiger/0563.jpg,dataset1/tiger/0563.jpg,tiger
/Users/vadimkotlarskij/Desktop/Python/Lab2/dataset1/tiger/0205.jpg,dataset1/tiger/0205.jpg,tiger
/Users/vadimkotlarskij/Desktop/Python/Lab2/dataset1/tiger/0211.jpg,dataset1/tiger/0211.jpg,tiger
/Users/vadimkotlarskij/Desktop/Python/Lab2/dataset1/tiger/0577.jpg,dataset1/tiger/0577.jpg,tiger
/Users/vadimkotlarskij/Desktop/Python/Lab2/dataset1/tiger/0946.jpg,dataset1/tiger/0946.jpg,tiger
/Users/vadimkotlarskij/Desktop/Python/Lab2/dataset1/tiger/0952.jpg,dataset1/tiger/0952.jpg,tiger
/Users/vadimkotlarskij/Desktop/Python/Lab2/dataset1/tiger/0749.jpg,dataset1/tiger/0749.jpg,tiger
/Users/vadimkotlarskij/Desktop/Python/Lab2/dataset1/tiger/0007.jpg,dataset1/tiger/0007.jpg,tiger
/Users/vadimkotlarskij/Desktop/Python/Lab2/dataset1/tiger/0761.jpg,dataset1/tiger/0761.jpg,tiger
/Users/vadimkotlarskij/Desktop/Python/Lab2/dataset1/tiger/0775.jpg,dataset1/tiger/0775.jpg,tiger
/Users/vadimkotlarskij/Desktop/Python/Lab2/dataset1/tiger/0013.jpg,dataset1/tiger/0013.jpg,tiger
/Users/vadimkotlarskij/Desktop/Python/Lab2/dataset1/tiger/0763.jpg,dataset1/tiger/0763.jpg,tiger
/Users/vadimkotlarskij/Desktop/Python/Lab2/dataset1/tiger/0005.jpg,dataset1/tiger/0005.jpg,tiger
/Users/vadimkotlarskij/Desktop/Python/Lab2/dataset1/tiger/0011.jpg,dataset1/tiger/0011.jpg,tiger
/Users/vadimkotlarskij/Desktop/Python/Lab2/dataset1/tiger/0777.jpg,dataset1/tiger/0777.jpg,tiger
/Users/vadimkotlarskij/Desktop/Python/Lab2/dataset1/tiger/0039.jpg,dataset1/tiger/0039.jpg,tiger
/Users/vadimkotlarskij/Desktop/Python/Lab2/dataset1/tiger/0944.jpg,dataset1/tiger/0944.jpg,tiger
/Users/vadimkotlarskij/Desktop/Python/Lab2/dataset1/tiger/0950.jpg,dataset1/tiger/0950.jpg,tiger
/Users/vadimkotlarskij/Desktop/Python/Lab2/dataset1/tiger/0788.jpg,dataset1/tiger/0788.jpg,tiger
/Users/vadimkotlarskij/Desktop/Python/Lab2/dataset1/tiger/0207.jpg,dataset1/tiger/0207.jpg,tiger
/Users/vadimkotlarskij/Desktop/Python/Lab2/dataset1/tiger/0561.jpg,dataset1/tiger/0561.jpg,tiger
/Users/vadimkotlarskij/Desktop/Python/Lab2/dataset1/tiger/0575.jpg,dataset1/tiger/0575.jpg,tiger
/Users/vadimkotlarskij/Desktop/Python/Lab2/dataset1/tiger/0213.jpg,dataset1/tiger/0213.jpg,tiger
/Users/vadimkotlarskij/Desktop/Python/Lab2/dataset1/tiger/0549.jpg,dataset1/tiger/0549.jpg,tiger
/Users/vadimkotlarskij/Desktop/Python/Lab2/dataset1/tiger/0373.jpg,dataset1/tiger/0373.jpg,tiger
/Users/vadimkotlarskij/Desktop/Python/Lab2/dataset1/tiger/0415.jpg,dataset1/tiger/0415.jpg,tiger
/Users/vadimkotlarskij/Desktop/Python/Lab2/dataset1/tiger/0401.jpg,dataset1/tiger/0401.jpg,tiger
/Users/vadimkotlarskij/Desktop/Python/Lab2/dataset1/tiger/0367.jpg,dataset1/tiger/0367.jpg,tiger
/Users/vadimkotlarskij/Desktop/Python/Lab2/dataset1/tiger/0429.jpg,dataset1/tiger/0429.jpg,tiger
/Users/vadimkotlarskij/Desktop/Python/Lab2/dataset1/tiger/0398.jpg,dataset1/tiger/0398.jpg,tiger
/Users/vadimkotlarskij/Desktop/Python/Lab2/dataset1/tiger/0617.jpg,dataset1/tiger/0617.jpg,tiger
/Users/vadimkotlarskij/Desktop/Python/Lab2/dataset1/tiger/0171.jpg,dataset1/tiger/0171.jpg,tiger
/Users/vadimkotlarskij/Desktop/Python/Lab2/dataset1/tiger/0165.jpg,dataset1/tiger/0165.jpg,tiger
/Users/vadimkotlarskij/Desktop/Python/Lab2/dataset1/tiger/0603.jpg,dataset1/tiger/0603.jpg,tiger
/Users/vadimkotlarskij/Desktop/Python/Lab2/dataset1/tiger/0159.jpg,dataset1/tiger/0159.jpg,tiger
/Users/vadimkotlarskij/Desktop/Python/Lab2/dataset1/tiger/0818.jpg,dataset1/tiger/0818.jpg,tiger
/Users/vadimkotlarskij/Desktop/Python/Lab2/dataset1/tiger/0830.jpg,dataset1/tiger/0830.jpg,tiger
/Users/vadimkotlarskij/Desktop/Python/Lab2/dataset1/tiger/0824.jpg,dataset1/tiger/0824.jpg,tiger
/Users/vadimkotlarskij/Desktop/Python/Lab2/dataset1/tiger/0825.jpg,dataset1/tiger/0825.jpg,tiger
/Users/vadimkotlarskij/Desktop/Python/Lab2/dataset1/tiger/0831.jpg,dataset1/tiger/0831.jpg,tiger
/Users/vadimkotlarskij/Desktop/Python/Lab2/dataset1/tiger/0819.jpg,dataset1/tiger/0819.jpg,tiger
/Users/vadimkotlarskij/Desktop/Python/Lab2/dataset1/tiger/0158.jpg,dataset1/tiger/0158.jpg,tiger
/Users/vadimkotlarskij/Desktop/Python/Lab2/dataset1/tiger/0164.jpg,dataset1/tiger/0164.jpg,tiger
/Users/vadimkotlarskij/Desktop/Python/Lab2/dataset1/tiger/0602.jpg,dataset1/tiger/0602.jpg,tiger
/Users/vadimkotlarskij/Desktop/Python/Lab2/dataset1/tiger/0616.jpg,dataset1/tiger/0616.jpg,tiger
/Users/vadimkotlarskij/Desktop/Python/Lab2/dataset1/tiger/0170.jpg,dataset1/tiger/0170.jpg,tiger
/Users/vadimkotlarskij/Desktop/Python/Lab2/dataset1/tiger/0399.jpg,dataset1/tiger/0399.jpg,tiger
/Users/vadimkotlarskij/Desktop/Python/Lab2/dataset1/tiger/0428.jpg,dataset1/tiger/0428.jpg,tiger
/Users/vadimkotlarskij/Desktop/Python/Lab2/dataset1/tiger/0400.jpg,dataset1/tiger/0400.jpg,tiger
/Users/vadimkotlarskij/Desktop/Python/Lab2/dataset1/tiger/0366.jpg,dataset1/tiger/0366.jpg,tiger
/Users/vadimkotlarskij/Desktop/Python/Lab2/dataset1/tiger/0372.jpg,dataset1/tiger/0372.jpg,tiger
/Users/vadimkotlarskij/Desktop/Python/Lab2/dataset1/tiger/0414.jpg,dataset1/tiger/0414.jpg,tiger
/Users/vadimkotlarskij/Desktop/Python/Lab2/dataset1/tiger/0548.jpg,dataset1/tiger/0548.jpg,tiger
/Users/vadimkotlarskij/Desktop/Python/Lab2/dataset1/tiger/0574.jpg,dataset1/tiger/0574.jpg,tiger
/Users/vadimkotlarskij/Desktop/Python/Lab2/dataset1/tiger/0212.jpg,dataset1/tiger/0212.jpg,tiger
/Users/vadimkotlarskij/Desktop/Python/Lab2/dataset1/tiger/0206.jpg,dataset1/tiger/0206.jpg,tiger
/Users/vadimkotlarskij/Desktop/Python/Lab2/dataset1/tiger/0560.jpg,dataset1/tiger/0560.jpg,tiger
/Users/vadimkotlarskij/Desktop/Python/Lab2/dataset1/tiger/0789.jpg,dataset1/tiger/0789.jpg,tiger
/Users/vadimkotlarskij/Desktop/Python/Lab2/dataset1/tiger/0951.jpg,dataset1/tiger/0951.jpg,tiger
/Users/vadimkotlarskij/Desktop/Python/Lab2/dataset1/tiger/0945.jpg,dataset1/tiger/0945.jpg,tiger
/Users/vadimkotlarskij/Desktop/Python/Lab2/dataset1/tiger/0038.jpg,dataset1/tiger/0038.jpg,tiger
/Users/vadimkotlarskij/Desktop/Python/Lab2/dataset1/tiger/0010.jpg,dataset1/tiger/0010.jpg,tiger
/Users/vadimkotlarskij/Desktop/Python/Lab2/dataset1/tiger/0776.jpg,dataset1/tiger/0776.jpg,tiger
/Users/vadimkotlarskij/Desktop/Python/Lab2/dataset1/tiger/0762.jpg,dataset1/tiger/0762.jpg,tiger
/Users/vadimkotlarskij/Desktop/Python/Lab2/dataset1/tiger/0004.jpg,dataset1/tiger/0004.jpg,tiger
/Users/vadimkotlarskij/Desktop/Python/Lab2/dataset1/tiger/0028.jpg,dataset1/tiger/0028.jpg,tiger
/Users/vadimkotlarskij/Desktop/Python/Lab2/dataset1/tiger/0000.jpg,dataset1/tiger/0000.jpg,tiger
/Users/vadimkotlarskij/Desktop/Python/Lab2/dataset1/tiger/0766.jpg,dataset1/tiger/0766.jpg,tiger
/Users/vadimkotlarskij/Desktop/Python/Lab2/dataset1/tiger/0772.jpg,dataset1/tiger/0772.jpg,tiger
/Users/vadimkotlarskij/Desktop/Python/Lab2/dataset1/tiger/0014.jpg,dataset1/tiger/0014.jpg,tiger
/Users/vadimkotlarskij/Desktop/Python/Lab2/dataset1/tiger/0941.jpg,dataset1/tiger/0941.jpg,tiger
/Users/vadimkotlarskij/Desktop/Python/Lab2/dataset1/tiger/0799.jpg,dataset1/tiger/0799.jpg,tiger
/Users/vadimkotlarskij/Desktop/Python/Lab2/dataset1/tiger/0955.jpg,dataset1/tiger/0955.jpg,tiger
/Users/vadimkotlarskij/Desktop/Python/Lab2/dataset1/tiger/0558.jpg,dataset1/tiger/0558.jpg,tiger
/Users/vadimkotlarskij/Desktop/Python/Lab2/dataset1/tiger/0564.jpg,dataset1/tiger/0564.jpg,tiger
/Users/vadimkotlarskij/Desktop/Python/Lab2/dataset1/tiger/0202.jpg,dataset1/tiger/0202.jpg,tiger
/Users/vadimkotlarskij/Desktop/Python/Lab2/dataset1/tiger/0216.jpg,dataset1/tiger/0216.jpg,tiger
/Users/vadimkotlarskij/Desktop/Python/Lab2/dataset1/tiger/0570.jpg,dataset1/tiger/0570.jpg,tiger
/Users/vadimkotlarskij/Desktop/Python/Lab2/dataset1/tiger/0438.jpg,dataset1/tiger/0438.jpg,tiger
/Users/vadimkotlarskij/Desktop/Python/Lab2/dataset1/tiger/0410.jpg,dataset1/tiger/0410.jpg,tiger
/Users/vadimkotlarskij/Desktop/Python/Lab2/dataset1/tiger/0376.jpg,dataset1/tiger/0376.jpg,tiger
/Users/vadimkotlarskij/Desktop/Python/Lab2/dataset1/tiger/0362.jpg,dataset1/tiger/0362.jpg,tiger
/Users/vadimkotlarskij/Desktop/Python/Lab2/dataset1/tiger/0404.jpg,dataset1/tiger/0404.jpg,tiger
/Users/vadimkotlarskij/Desktop/Python/Lab2/dataset1/tiger/0389.jpg,dataset1/tiger/0389.jpg,tiger
/Users/vadimkotlarskij/Desktop/Python/Lab2/dataset1/tiger/0148.jpg,dataset1/tiger/0148.jpg,tiger
/Users/vadimkotlarskij/Desktop/Python/Lab2/dataset1/tiger/0174.jpg,dataset1/tiger/0174.jpg,tiger
/Users/vadimkotlarskij/Desktop/Python/Lab2/dataset1/tiger/0612.jpg,dataset1/tiger/0612.jpg,tiger
/Users/vadimkotlarskij/Desktop/Python/Lab2/dataset1/tiger/0606.jpg,dataset1/tiger/0606.jpg,tiger
/Users/vadimkotlarskij/Desktop/Python/Lab2/dataset1/tiger/0160.jpg,dataset1/tiger/0160.jpg,tiger
/Users/vadimkotlarskij/Desktop/Python/Lab2/dataset1/tiger/0835.jpg,dataset1/tiger/0835.jpg,tiger
/Users/vadimkotlarskij/Desktop/Python/Lab2/dataset1/tiger/0821.jpg,dataset1/tiger/0821.jpg,tiger
/Users/vadimkotlarskij/Desktop/Python/Lab2/dataset1/tiger/0809.jpg,dataset1/tiger/0809.jpg,tiger
/Users/vadimkotlarskij/Desktop/Python/Lab2/dataset1/tiger/0808.jpg,dataset1/tiger/0808.jpg,tiger
/Users/vadimkotlarskij/Desktop/Python/Lab2/dataset1/tiger/0820.jpg,dataset1/tiger/0820.jpg,tiger
/Users/vadimkotlarskij/Desktop/Python/Lab2/dataset1/tiger/0834.jpg,dataset1/tiger/0834.jpg,tiger
/Users/vadimkotlarskij/Desktop/Python/Lab2/dataset1/tiger/0607.jpg,dataset1/tiger/0607.jpg,tiger
/Users/vadimkotlarskij/Desktop/Python/Lab2/dataset1/tiger/0161.jpg,dataset1/tiger/0161.jpg,tiger
/Users/vadimkotlarskij/Desktop/Python/Lab2/dataset1/tiger/0175.jpg,dataset1/tiger/0175.jpg,tiger
/Users/vadimkotlarskij/Desktop/Python/Lab2/dataset1/tiger/0613.jpg,dataset1/tiger/0613.jpg,tiger
/Users/vadimkotlarskij/Desktop/Python/Lab2/dataset1/tiger/0149.jpg,dataset1/tiger/0149.jpg,tiger
/Users/vadimkotlarskij/Desktop/Python/Lab2/dataset1/tiger/0388.jpg,dataset1/tiger/0388.jpg,tiger
/Users/vadimkotlarskij/Desktop/Python/Lab2/dataset1/tiger/0363.jpg,dataset1/tiger/0363.jpg,tiger
/Users/vadimkotlarskij/Desktop/Python/Lab2/dataset1/tiger/0405.jpg,dataset1/tiger/0405.jpg,tiger
/Users/vadimkotlarskij/Desktop/Python/Lab2/dataset1/tiger/0411.jpg,dataset1/tiger/0411.jpg,tiger
/Users/vadimkotlarskij/Desktop/Python/Lab2/dataset1/tiger/0377.jpg,dataset1/tiger/0377.jpg,tiger
/Users/vadimkotlarskij/Desktop/Python/Lab2/dataset1/tiger/0439.jpg,dataset1/tiger/0439.jpg,tiger
/Users/vadimkotlarskij/Desktop/Python/Lab2/dataset1/tiger/0217.jpg,dataset1/tiger/0217.jpg,tiger
/Users/vadimkotlarskij/Desktop/Python/Lab2/dataset1/tiger/0571.jpg,dataset1/tiger/0571.jpg,tiger
/Users/vadimkotlarskij/Desktop/Python/Lab2/dataset1/tiger/0565.jpg,dataset1/tiger/0565.jpg,tiger
/Users/vadimkotlarskij/Desktop/Python/Lab2/dataset1/tiger/0203.jpg,dataset1/tiger/0203.jpg,tiger
/Users/vadimkotlarskij/Desktop/Python/Lab2/dataset1/tiger/0559.jpg,dataset1/tiger/0559.jpg,tiger
/Users/vadimkotlarskij/Desktop/Python/Lab2/dataset1/tiger/0954.jpg,dataset1/tiger/0954.jpg,tiger
/Users/vadimkotlarskij/Desktop/Python/Lab2/dataset1/tiger/0798.jpg,dataset1/tiger/0798.jpg,tiger
/Users/vadimkotlarskij/Desktop/Python/Lab2/dataset1/tiger/0940.jpg,dataset1/tiger/0940.jpg,tiger
/Users/vadimkotlarskij/Desktop/Python/Lab2/dataset1/tiger/0773.jpg,dataset1/tiger/0773.jpg,tiger
/Users/vadimkotlarskij/Desktop/Python/Lab2/dataset1/tiger/0015.jpg,dataset1/tiger/0015.jpg,tiger
/Users/vadimkotlarskij/Desktop/Python/Lab2/dataset1/tiger/0001.jpg,dataset1/tiger/0001.jpg,tiger
/Users/vadimkotlarskij/Desktop/Python/Lab2/dataset1/tiger/0767.jpg,dataset1/tiger/0767.jpg,tiger
/Users/vadimkotlarskij/Desktop/Python/Lab2/dataset1/tiger/0029.jpg,dataset1/tiger/0029.jpg,tiger
/Users/vadimkotlarskij/Desktop/Python/Lab2/dataset1/tiger/0759.jpg,dataset1/tiger/0759.jpg,tiger
/Users/vadimkotlarskij/Desktop/Python/Lab2/dataset1/tiger/0017.jpg,dataset1/tiger/0017.jpg,tiger
/Users/vadimkotlarskij/Desktop/Python/Lab2/dataset1/tiger/0771.jpg,dataset1/tiger/0771.jpg,tiger
/Users/vadimkotlarskij/Desktop/Python/Lab2/dataset1/tiger/0765.jpg,dataset1/tiger/0765.jpg,tiger
/Users/vadimkotlarskij/Desktop/Python/Lab2/dataset1/tiger/0003.jpg,dataset1/tiger/0003.jpg,tiger
/Users/vadimkotlarskij/Desktop/Python/Lab2/dataset1/tiger/0956.jpg,dataset1/tiger/0956.jpg,tiger
/Users/vadimkotlarskij/Desktop/Python/Lab2/dataset1/tiger/0942.jpg,dataset1/tiger/0942.jpg,tiger
/Users/vadimkotlarskij/Desktop/Python/Lab2/dataset1/tiger/0229.jpg,dataset1/tiger/0229.jpg,tiger
/Users/vadimkotlarskij/Desktop/Python/Lab2/dataset1/tiger/0573.jpg,dataset1/tiger/0573.jpg,tiger
/Users/vadimkotlarskij/Desktop/Python/Lab2/dataset1/tiger/0215.jpg,dataset1/tiger/0215.jpg,tiger
/Users/vadimkotlarskij/Desktop/Python/Lab2/dataset1/tiger/0201.jpg,dataset1/tiger/0201.jpg,tiger
/Users/vadimkotlarskij/Desktop/Python/Lab2/dataset1/tiger/0567.jpg,dataset1/tiger/0567.jpg,tiger
/Users/vadimkotlarskij/Desktop/Python/Lab2/dataset1/tiger/0598.jpg,dataset1/tiger/0598.jpg,tiger
/Users/vadimkotlarskij/Desktop/Python/Lab2/dataset1/tiger/0349.jpg,dataset1/tiger/0349.jpg,tiger
/Users/vadimkotlarskij/Desktop/Python/Lab2/dataset1/tiger/0407.jpg,dataset1/tiger/0407.jpg,tiger
/Users/vadimkotlarskij/Desktop/Python/Lab2/dataset1/tiger/0361.jpg,dataset1/tiger/0361.jpg,tiger
/Users/vadimkotlarskij/Desktop/Python/Lab2/dataset1/tiger/0375.jpg,dataset1/tiger/0375.jpg,tiger
/Users/vadimkotlarskij/Desktop/Python/Lab2/dataset1/tiger/0413.jpg,dataset1/tiger/0413.jpg,tiger
/Users/vadimkotlarskij/Desktop/Python/Lab2/dataset1/tiger/0639.jpg,dataset1/tiger/0639.jpg,tiger
/Users/vadimkotlarskij/Desktop/Python/Lab2/dataset1/tiger/0163.jpg,dataset1/tiger/0163.jpg,tiger
/Users/vadimkotlarskij/Desktop/Python/Lab2/dataset1/tiger/0605.jpg,dataset1/tiger/0605.jpg,tiger
/Users/vadimkotlarskij/Desktop/Python/Lab2/dataset1/tiger/0611.jpg,dataset1/tiger/0611.jpg,tiger
/Users/vadimkotlarskij/Desktop/Python/Lab2/dataset1/tiger/0177.jpg,dataset1/tiger/0177.jpg,tiger
/Users/vadimkotlarskij/Desktop/Python/Lab2/dataset1/tiger/0822.jpg,dataset1/tiger/0822.jpg,tiger
/Users/vadimkotlarskij/Desktop/Python/Lab2/dataset1/tiger/0836.jpg,dataset1/tiger/0836.jpg,tiger
/Users/vadimkotlarskij/Desktop/Python/Lab2/dataset1/tiger/0188.jpg,dataset1/tiger/0188.jpg,tiger
/Users/vadimkotlarskij/Desktop/Python/Lab2/dataset1/tiger/0837.jpg,dataset1/tiger/0837.jpg,tiger
/Users/vadimkotlarskij/Desktop/Python/Lab2/dataset1/tiger/0189.jpg,dataset1/tiger/0189.jpg,tiger
/Users/vadimkotlarskij/Desktop/Python/Lab2/dataset1/tiger/0823.jpg,dataset1/tiger/0823.jpg,tiger
/Users/vadimkotlarskij/Desktop/Python/Lab2/dataset1/tiger/0610.jpg,dataset1/tiger/0610.jpg,tiger
/Users/vadimkotlarskij/Desktop/Python/Lab2/dataset1/tiger/0176.jpg,dataset1/tiger/0176.jpg,tiger
/Users/vadimkotlarskij/Desktop/Python/Lab2/dataset1/tiger/0162.jpg,dataset1/tiger/0162.jpg,tiger
/Users/vadimkotlarskij/Desktop/Python/Lab2/dataset1/tiger/0604.jpg,dataset1/tiger/0604.jpg,tiger
/Users/vadimkotlarskij/Desktop/Python/Lab2/dataset1/tiger/0638.jpg,dataset1/tiger/0638.jpg,tiger
/Users/vadimkotlarskij/Desktop/Python/Lab2/dataset1/tiger/0374.jpg,dataset1/tiger/0374.jpg,tiger
/Users/vadimkotlarskij/Desktop/Python/Lab2/dataset1/tiger/0412.jpg,dataset1/tiger/0412.jpg,tiger
/Users/vadimkotlarskij/Desktop/Python/Lab2/dataset1/tiger/0406.jpg,dataset1/tiger/0406.jpg,tiger
/Users/vadimkotlarskij/Desktop/Python/Lab2/dataset1/tiger/0360.jpg,dataset1/tiger/0360.jpg,tiger
/Users/vadimkotlarskij/Desktop/Python/Lab2/dataset1/tiger/0348.jpg,dataset1/tiger/0348.jpg,tiger
/Users/vadimkotlarskij/Desktop/Python/Lab2/dataset1/tiger/0599.jpg,dataset1/tiger/0599.jpg,tiger
/Users/vadimkotlarskij/Desktop/Python/Lab2/dataset1/tiger/0200.jpg,dataset1/tiger/0200.jpg,tiger
/Users/vadimkotlarskij/Desktop/Python/Lab2/dataset1/tiger/0566.jpg,dataset1/tiger/0566.jpg,tiger
/Users/vadimkotlarskij/Desktop/Python/Lab2/dataset1/tiger/0572.jpg,dataset1/tiger/0572.jpg,tiger
/Users/vadimkotlarskij/Desktop/Python/Lab2/dataset1/tiger/0214.jpg,dataset1/tiger/0214.jpg,tiger
/Users/vadimkotlarskij/Desktop/Python/Lab2/dataset1/tiger/0228.jpg,dataset1/tiger/0228.jpg,tiger
/Users/vadimkotlarskij/Desktop/Python/Lab2/dataset1/tiger/0943.jpg,dataset1/tiger/0943.jpg,tiger
/Users/vadimkotlarskij/Desktop/Python/Lab2/dataset1/tiger/0957.jpg,dataset1/tiger/0957.jpg,tiger
/Users/vadimkotlarskij/Desktop/Python/Lab2/dataset1/tiger/0764.jpg,dataset1/tiger/0764.jpg,tiger
/Users/vadimkotlarskij/Desktop/Python/Lab2/dataset1/tiger/0002.jpg,dataset1/tiger/0002.jpg,tiger
/Users/vadimkotlarskij/Desktop/Python/Lab2/dataset1/tiger/0016.jpg,dataset1/tiger/0016.jpg,tiger
/Users/vadimkotlarskij/Desktop/Python/Lab2/dataset1/tiger/0770.jpg,dataset1/tiger/0770.jpg,tiger
/Users/vadimkotlarskij/Desktop/Python/Lab2/dataset1/tiger/0758.jpg,dataset1/tiger/0758.jpg,tiger
/Users/vadimkotlarskij/Desktop/Python/Lab2/dataset1/tiger/0755.jpg,dataset1/tiger/0755.jpg,tiger
/Users/vadimkotlarskij/Desktop/Python/Lab2/dataset1/tiger/0033.jpg,dataset1/tiger/0033.jpg,tiger
/Users/vadimkotlarskij/Desktop/Python/Lab2/dataset1/tiger/0027.jpg,dataset1/tiger/0027.jpg,tiger
/Users/vadimkotlarskij/Desktop/Python/Lab2/dataset1/tiger/0741.jpg,dataset1/tiger/0741.jpg,tiger
/Users/vadimkotlarskij/Desktop/Python/Lab2/dataset1/tiger/0769.jpg,dataset1/tiger/0769.jpg,tiger
/Users/vadimkotlarskij/Desktop/Python/Lab2/dataset1/tiger/0796.jpg,dataset1/tiger/0796.jpg,tiger
/Users/vadimkotlarskij/Desktop/Python/Lab2/dataset1/tiger/0782.jpg,dataset1/tiger/0782.jpg,tiger
/Users/vadimkotlarskij/Desktop/Python/Lab2/dataset1/tiger/0231.jpg,dataset1/tiger/0231.jpg,tiger
/Users/vadimkotlarskij/Desktop/Python/Lab2/dataset1/tiger/0557.jpg,dataset1/tiger/0557.jpg,tiger
/Users/vadimkotlarskij/Desktop/Python/Lab2/dataset1/tiger/0543.jpg,dataset1/tiger/0543.jpg,tiger
/Users/vadimkotlarskij/Desktop/Python/Lab2/dataset1/tiger/0225.jpg,dataset1/tiger/0225.jpg,tiger
/Users/vadimkotlarskij/Desktop/Python/Lab2/dataset1/tiger/0219.jpg,dataset1/tiger/0219.jpg,tiger
/Users/vadimkotlarskij/Desktop/Python/Lab2/dataset1/tiger/0594.jpg,dataset1/tiger/0594.jpg,tiger
/Users/vadimkotlarskij/Desktop/Python/Lab2/dataset1/tiger/0580.jpg,dataset1/tiger/0580.jpg,tiger
/Users/vadimkotlarskij/Desktop/Python/Lab2/dataset1/tiger/0345.jpg,dataset1/tiger/0345.jpg,tiger
/Users/vadimkotlarskij/Desktop/Python/Lab2/dataset1/tiger/0423.jpg,dataset1/tiger/0423.jpg,tiger
/Users/vadimkotlarskij/Desktop/Python/Lab2/dataset1/tiger/0437.jpg,dataset1/tiger/0437.jpg,tiger
/Users/vadimkotlarskij/Desktop/Python/Lab2/dataset1/tiger/0351.jpg,dataset1/tiger/0351.jpg,tiger
/Users/vadimkotlarskij/Desktop/Python/Lab2/dataset1/tiger/0379.jpg,dataset1/tiger/0379.jpg,tiger
/Users/vadimkotlarskij/Desktop/Python/Lab2/dataset1/tiger/0386.jpg,dataset1/tiger/0386.jpg,tiger
/Users/vadimkotlarskij/Desktop/Python/Lab2/dataset1/tiger/0392.jpg,dataset1/tiger/0392.jpg,tiger
/Users/vadimkotlarskij/Desktop/Python/Lab2/dataset1/tiger/0621.jpg,dataset1/tiger/0621.jpg,tiger
/Users/vadimkotlarskij/Desktop/Python/Lab2/dataset1/tiger/0147.jpg,dataset1/tiger/0147.jpg,tiger
/Users/vadimkotlarskij/Desktop/Python/Lab2/dataset1/tiger/0153.jpg,dataset1/tiger/0153.jpg,tiger
/Users/vadimkotlarskij/Desktop/Python/Lab2/dataset1/tiger/0635.jpg,dataset1/tiger/0635.jpg,tiger
/Users/vadimkotlarskij/Desktop/Python/Lab2/dataset1/tiger/0609.jpg,dataset1/tiger/0609.jpg,tiger
/Users/vadimkotlarskij/Desktop/Python/Lab2/dataset1/tiger/0184.jpg,dataset1/tiger/0184.jpg,tiger
/Users/vadimkotlarskij/Desktop/Python/Lab2/dataset1/tiger/0190.jpg,dataset1/tiger/0190.jpg,tiger
/Users/vadimkotlarskij/Desktop/Python/Lab2/dataset1/tiger/0806.jpg,dataset1/tiger/0806.jpg,tiger
/Users/vadimkotlarskij/Desktop/Python/Lab2/dataset1/tiger/0812.jpg,dataset1/tiger/0812.jpg,tiger
/Users/vadimkotlarskij/Desktop/Python/Lab2/dataset1/tiger/0813.jpg,dataset1/tiger/0813.jpg,tiger
/Users/vadimkotlarskij/Desktop/Python/Lab2/dataset1/tiger/0807.jpg,dataset1/tiger/0807.jpg,tiger
/Users/vadimkotlarskij/Desktop/Python/Lab2/dataset1/tiger/0191.jpg,dataset1/tiger/0191.jpg,tiger
/Users/vadimkotlarskij/Desktop/Python/Lab2/dataset1/tiger/0185.jpg,dataset1/tiger/0185.jpg,tiger
/Users/vadimkotlarskij/Desktop/Python/Lab2/dataset1/tiger/0608.jpg,dataset1/tiger/0608.jpg,tiger
/Users/vadimkotlarskij/Desktop/Python/Lab2/dataset1/tiger/0152.jpg,dataset1/tiger/0152.jpg,tiger
/Users/vadimkotlarskij/Desktop/Python/Lab2/dataset1/tiger/0634.jpg,dataset1/tiger/0634.jpg,tiger
/Users/vadimkotlarskij/Desktop/Python/Lab2/dataset1/tiger/0620.jpg,dataset1/tiger/0620.jpg,tiger
/Users/vadimkotlarskij/Desktop/Python/Lab2/dataset1/tiger/0146.jpg,dataset1/tiger/0146.jpg,tiger
/Users/vadimkotlarskij/Desktop/Python/Lab2/dataset1/tiger/0393.jpg,dataset1/tiger/0393.jpg,tiger
/Users/vadimkotlarskij/Desktop/Python/Lab2/dataset1/tiger/0387.jpg,dataset1/tiger/0387.jpg,tiger
/Users/vadimkotlarskij/Desktop/Python/Lab2/dataset1/tiger/0378.jpg,dataset1/tiger/0378.jpg,tiger
/Users/vadimkotlarskij/Desktop/Python/Lab2/dataset1/tiger/0436.jpg,dataset1/tiger/0436.jpg,tiger
/Users/vadimkotlarskij/Desktop/Python/Lab2/dataset1/tiger/0350.jpg,dataset1/tiger/0350.jpg,tiger
/Users/vadimkotlarskij/Desktop/Python/Lab2/dataset1/tiger/0344.jpg,dataset1/tiger/0344.jpg,tiger
/Users/vadimkotlarskij/Desktop/Python/Lab2/dataset1/tiger/0422.jpg,dataset1/tiger/0422.jpg,tiger
/Users/vadimkotlarskij/Desktop/Python/Lab2/dataset1/tiger/0581.jpg,dataset1/tiger/0581.jpg,tiger
/Users/vadimkotlarskij/Desktop/Python/Lab2/dataset1/tiger/0595.jpg,dataset1/tiger/0595.jpg,tiger
/Users/vadimkotlarskij/Desktop/Python/Lab2/dataset1/tiger/0218.jpg,dataset1/tiger/0218.jpg,tiger
/Users/vadimkotlarskij/Desktop/Python/Lab2/dataset1/tiger/0542.jpg,dataset1/tiger/0542.jpg,tiger
/Users/vadimkotlarskij/Desktop/Python/Lab2/dataset1/tiger/0224.jpg,dataset1/tiger/0224.jpg,tiger
/Users/vadimkotlarskij/Desktop/Python/Lab2/dataset1/tiger/0230.jpg,dataset1/tiger/0230.jpg,tiger
/Users/vadimkotlarskij/Desktop/Python/Lab2/dataset1/tiger/0556.jpg,dataset1/tiger/0556.jpg,tiger
/Users/vadimkotlarskij/Desktop/Python/Lab2/dataset1/tiger/0783.jpg,dataset1/tiger/0783.jpg,tiger
/Users/vadimkotlarskij/Desktop/Python/Lab2/dataset1/tiger/0797.jpg,dataset1/tiger/0797.jpg,tiger
/Users/vadimkotlarskij/Desktop/Python/Lab2/dataset1/tiger/0768.jpg,dataset1/tiger/0768.jpg,tiger
/Users/vadimkotlarskij/Desktop/Python/Lab2/dataset1/tiger/0026.jpg,dataset1/tiger/0026.jpg,tiger
/Users/vadimkotlarskij/Desktop/Python/Lab2/dataset1/tiger/0740.jpg,dataset1/tiger/0740.jpg,tiger
/Users/vadimkotlarskij/Desktop/Python/Lab2/dataset1/tiger/0754.jpg,dataset1/tiger/0754.jpg,tiger
/Users/vadimkotlarskij/Desktop/Python/Lab2/dataset1/tiger/0032.jpg,dataset1/tiger/0032.jpg,tiger
/Users/vadimkotlarskij/Desktop/Python/Lab2/dataset1/tiger/0742.jpg,dataset1/tiger/0742.jpg,tiger
/Users/vadimkotlarskij/Desktop/Python/Lab2/dataset1/tiger/0024.jpg,dataset1/tiger/0024.jpg,tiger
/Users/vadimkotlarskij/Desktop/Python/Lab2/dataset1/tiger/0030.jpg,dataset1/tiger/0030.jpg,tiger
/Users/vadimkotlarskij/Desktop/Python/Lab2/dataset1/tiger/0756.jpg,dataset1/tiger/0756.jpg,tiger
/Users/vadimkotlarskij/Desktop/Python/Lab2/dataset1/tiger/0018.jpg,dataset1/tiger/0018.jpg,tiger
/Users/vadimkotlarskij/Desktop/Python/Lab2/dataset1/tiger/0959.jpg,dataset1/tiger/0959.jpg,tiger
/Users/vadimkotlarskij/Desktop/Python/Lab2/dataset1/tiger/0781.jpg,dataset1/tiger/0781.jpg,tiger
/Users/vadimkotlarskij/Desktop/Python/Lab2/dataset1/tiger/0795.jpg,dataset1/tiger/0795.jpg,tiger
/Users/vadimkotlarskij/Desktop/Python/Lab2/dataset1/tiger/0226.jpg,dataset1/tiger/0226.jpg,tiger
/Users/vadimkotlarskij/Desktop/Python/Lab2/dataset1/tiger/0540.jpg,dataset1/tiger/0540.jpg,tiger
/Users/vadimkotlarskij/Desktop/Python/Lab2/dataset1/tiger/0554.jpg,dataset1/tiger/0554.jpg,tiger
/Users/vadimkotlarskij/Desktop/Python/Lab2/dataset1/tiger/0232.jpg,dataset1/tiger/0232.jpg,tiger
/Users/vadimkotlarskij/Desktop/Python/Lab2/dataset1/tiger/0568.jpg,dataset1/tiger/0568.jpg,tiger
/Users/vadimkotlarskij/Desktop/Python/Lab2/dataset1/tiger/0583.jpg,dataset1/tiger/0583.jpg,tiger
/Users/vadimkotlarskij/Desktop/Python/Lab2/dataset1/tiger/0597.jpg,dataset1/tiger/0597.jpg,tiger
/Users/vadimkotlarskij/Desktop/Python/Lab2/dataset1/tiger/0352.jpg,dataset1/tiger/0352.jpg,tiger
/Users/vadimkotlarskij/Desktop/Python/Lab2/dataset1/tiger/0434.jpg,dataset1/tiger/0434.jpg,tiger
/Users/vadimkotlarskij/Desktop/Python/Lab2/dataset1/tiger/0420.jpg,dataset1/tiger/0420.jpg,tiger
/Users/vadimkotlarskij/Desktop/Python/Lab2/dataset1/tiger/0346.jpg,dataset1/tiger/0346.jpg,tiger
/Users/vadimkotlarskij/Desktop/Python/Lab2/dataset1/tiger/0408.jpg,dataset1/tiger/0408.jpg,tiger
/Users/vadimkotlarskij/Desktop/Python/Lab2/dataset1/tiger/0391.jpg,dataset1/tiger/0391.jpg,tiger
/Users/vadimkotlarskij/Desktop/Python/Lab2/dataset1/tiger/0385.jpg,dataset1/tiger/0385.jpg,tiger
/Users/vadimkotlarskij/Desktop/Python/Lab2/dataset1/tiger/0636.jpg,dataset1/tiger/0636.jpg,tiger
/Users/vadimkotlarskij/Desktop/Python/Lab2/dataset1/tiger/0150.jpg,dataset1/tiger/0150.jpg,tiger
/Users/vadimkotlarskij/Desktop/Python/Lab2/dataset1/tiger/0144.jpg,dataset1/tiger/0144.jpg,tiger
/Users/vadimkotlarskij/Desktop/Python/Lab2/dataset1/tiger/0622.jpg,dataset1/tiger/0622.jpg,tiger
/Users/vadimkotlarskij/Desktop/Python/Lab2/dataset1/tiger/0178.jpg,dataset1/tiger/0178.jpg,tiger
/Users/vadimkotlarskij/Desktop/Python/Lab2/dataset1/tiger/0193.jpg,dataset1/tiger/0193.jpg,tiger
/Users/vadimkotlarskij/Desktop/Python/Lab2/dataset1/tiger/0187.jpg,dataset1/tiger/0187.jpg,tiger
/Users/vadimkotlarskij/Desktop/Python/Lab2/dataset1/tiger/0839.jpg,dataset1/tiger/0839.jpg,tiger
/Users/vadimkotlarskij/Desktop/Python/Lab2/dataset1/tiger/0811.jpg,dataset1/tiger/0811.jpg,tiger
/Users/vadimkotlarskij/Desktop/Python/Lab2/dataset1/tiger/0805.jpg,dataset1/tiger/0805.jpg,tiger
/Users/vadimkotlarskij/Desktop/Python/Lab2/dataset1/tiger/0804.jpg,dataset1/tiger/0804.jpg,tiger
/Users/vadimkotlarskij/Desktop/Python/Lab2/dataset1/tiger/0810.jpg,dataset1/tiger/0810.jpg,tiger
/Users/vadimkotlarskij/Desktop/Python/Lab2/dataset1/tiger/0186.jpg,dataset1/tiger/0186.jpg,tiger
/Users/vadimkotlarskij/Desktop/Python/Lab2/dataset1/tiger/0838.jpg,dataset1/tiger/0838.jpg,tiger
/Users/vadimkotlarskij/Desktop/Python/Lab2/dataset1/tiger/0192.jpg,dataset1/tiger/0192.jpg,tiger
/Users/vadimkotlarskij/Desktop/Python/Lab2/dataset1/tiger/0179.jpg,dataset1/tiger/0179.jpg,tiger
/Users/vadimkotlarskij/Desktop/Python/Lab2/dataset1/tiger/0145.jpg,dataset1/tiger/0145.jpg,tiger
/Users/vadimkotlarskij/Desktop/Python/Lab2/dataset1/tiger/0623.jpg,dataset1/tiger/0623.jpg,tiger
/Users/vadimkotlarskij/Desktop/Python/Lab2/dataset1/tiger/0637.jpg,dataset1/tiger/0637.jpg,tiger
/Users/vadimkotlarskij/Desktop/Python/Lab2/dataset1/tiger/0151.jpg,dataset1/tiger/0151.jpg,tiger
/Users/vadimkotlarskij/Desktop/Python/Lab2/dataset1/tiger/0384.jpg,dataset1/tiger/0384.jpg,tiger
/Users/vadimkotlarskij/Desktop/Python/Lab2/dataset1/tiger/0390.jpg,dataset1/tiger/0390.jpg,tiger
/Users/vadimkotlarskij/Desktop/Python/Lab2/dataset1/tiger/0409.jpg,dataset1/tiger/0409.jpg,tiger
/Users/vadimkotlarskij/Desktop/Python/Lab2/dataset1/tiger/0421.jpg,dataset1/tiger/0421.jpg,tiger
/Users/vadimkotlarskij/Desktop/Python/Lab2/dataset1/tiger/0347.jpg,dataset1/tiger/0347.jpg,tiger
/Users/vadimkotlarskij/Desktop/Python/Lab2/dataset1/tiger/0353.jpg,dataset1/tiger/0353.jpg,tiger
/Users/vadimkotlarskij/Desktop/Python/Lab2/dataset1/tiger/0435.jpg,dataset1/tiger/0435.jpg,tiger
/Users/vadimkotlarskij/Desktop/Python/Lab2/dataset1/tiger/0596.jpg,dataset1/tiger/0596.jpg,tiger
/Users/vadimkotlarskij/Desktop/Python/Lab2/dataset1/tiger/0582.jpg,dataset1/tiger/0582.jpg,tiger
/Users/vadimkotlarskij/Desktop/Python/Lab2/dataset1/tiger/0569.jpg,dataset1/tiger/0569.jpg,tiger
/Users/vadimkotlarskij/Desktop/Python/Lab2/dataset1/tiger/0555.jpg,dataset1/tiger/0555.jpg,tiger
/Users/vadimkotlarskij/Desktop/Python/Lab2/dataset1/tiger/0233.jpg,dataset1/tiger/0233.jpg,tiger
/Users/vadimkotlarskij/Desktop/Python/Lab2/dataset1/tiger/0227.jpg,dataset1/tiger/0227.jpg,tiger
/Users/vadimkotlarskij/Desktop/Python/Lab2/dataset1/tiger/0541.jpg,dataset1/tiger/0541.jpg,tiger
/Users/vadimkotlarskij/Desktop/Python/Lab2/dataset1/tiger/0794.jpg,dataset1/tiger/0794.jpg,tiger
/Users/vadimkotlarskij/Desktop/Python/Lab2/dataset1/tiger/0780.jpg,dataset1/tiger/0780.jpg,tiger
/Users/vadimkotlarskij/Desktop/Python/Lab2/dataset1/tiger/0958.jpg,dataset1/tiger/0958.jpg,tiger
/Users/vadimkotlarskij/Desktop/Python/Lab2/dataset1/tiger/0019.jpg,dataset1/tiger/0019.jpg,tiger
/Users/vadimkotlarskij/Desktop/Python/Lab2/dataset1/tiger/0031.jpg,dataset1/tiger/0031.jpg,tiger
/Users/vadimkotlarskij/Desktop/Python/Lab2/dataset1/tiger/0757.jpg,dataset1/tiger/0757.jpg,tiger
/Users/vadimkotlarskij/Desktop/Python/Lab2/dataset1/tiger/0743.jpg,dataset1/tiger/0743.jpg,tiger
/Users/vadimkotlarskij/Desktop/Python/Lab2/dataset1/tiger/0025.jpg,dataset1/tiger/0025.jpg,tiger
/Users/vadimkotlarskij/Desktop/Python/Lab2/dataset1/tiger/0009.jpg,dataset1/tiger/0009.jpg,tiger
/Users/vadimkotlarskij/Desktop/Python/Lab2/dataset1/tiger/0021.jpg,dataset1/tiger/0021.jpg,tiger
/Users/vadimkotlarskij/Desktop/Python/Lab2/dataset1/tiger/0747.jpg,dataset1/tiger/0747.jpg,tiger
/Users/vadimkotlarskij/Desktop/Python/Lab2/dataset1/tiger/0753.jpg,dataset1/tiger/0753.jpg,tiger
/Users/vadimkotlarskij/Desktop/Python/Lab2/dataset1/tiger/0035.jpg,dataset1/tiger/0035.jpg,tiger
/Users/vadimkotlarskij/Desktop/Python/Lab2/dataset1/tiger/0960.jpg,dataset1/tiger/0960.jpg,tiger
/Users/vadimkotlarskij/Desktop/Python/Lab2/dataset1/tiger/0784.jpg,dataset1/tiger/0784.jpg,tiger
/Users/vadimkotlarskij/Desktop/Python/Lab2/dataset1/tiger/0948.jpg,dataset1/tiger/0948.jpg,tiger
/Users/vadimkotlarskij/Desktop/Python/Lab2/dataset1/tiger/0790.jpg,dataset1/tiger/0790.jpg,tiger
/Users/vadimkotlarskij/Desktop/Python/Lab2/dataset1/tiger/0579.jpg,dataset1/tiger/0579.jpg,tiger
/Users/vadimkotlarskij/Desktop/Python/Lab2/dataset1/tiger/0545.jpg,dataset1/tiger/0545.jpg,tiger
/Users/vadimkotlarskij/Desktop/Python/Lab2/dataset1/tiger/0223.jpg,dataset1/tiger/0223.jpg,tiger
/Users/vadimkotlarskij/Desktop/Python/Lab2/dataset1/tiger/0237.jpg,dataset1/tiger/0237.jpg,tiger
/Users/vadimkotlarskij/Desktop/Python/Lab2/dataset1/tiger/0551.jpg,dataset1/tiger/0551.jpg,tiger
/Users/vadimkotlarskij/Desktop/Python/Lab2/dataset1/tiger/0586.jpg,dataset1/tiger/0586.jpg,tiger
/Users/vadimkotlarskij/Desktop/Python/Lab2/dataset1/tiger/0592.jpg,dataset1/tiger/0592.jpg,tiger
/Users/vadimkotlarskij/Desktop/Python/Lab2/dataset1/tiger/0419.jpg,dataset1/tiger/0419.jpg,tiger
/Users/vadimkotlarskij/Desktop/Python/Lab2/dataset1/tiger/0431.jpg,dataset1/tiger/0431.jpg,tiger
/Users/vadimkotlarskij/Desktop/Python/Lab2/dataset1/tiger/0357.jpg,dataset1/tiger/0357.jpg,tiger
/Users/vadimkotlarskij/Desktop/Python/Lab2/dataset1/tiger/0343.jpg,dataset1/tiger/0343.jpg,tiger
/Users/vadimkotlarskij/Desktop/Python/Lab2/dataset1/tiger/0425.jpg,dataset1/tiger/0425.jpg,tiger
/Users/vadimkotlarskij/Desktop/Python/Lab2/dataset1/tiger/0394.jpg,dataset1/tiger/0394.jpg,tiger
/Users/vadimkotlarskij/Desktop/Python/Lab2/dataset1/tiger/0380.jpg,dataset1/tiger/0380.jpg,tiger
/Users/vadimkotlarskij/Desktop/Python/Lab2/dataset1/tiger/0169.jpg,dataset1/tiger/0169.jpg,tiger
/Users/vadimkotlarskij/Desktop/Python/Lab2/dataset1/tiger/0155.jpg,dataset1/tiger/0155.jpg,tiger
/Users/vadimkotlarskij/Desktop/Python/Lab2/dataset1/tiger/0633.jpg,dataset1/tiger/0633.jpg,tiger
/Users/vadimkotlarskij/Desktop/Python/Lab2/dataset1/tiger/0627.jpg,dataset1/tiger/0627.jpg,tiger
/Users/vadimkotlarskij/Desktop/Python/Lab2/dataset1/tiger/0141.jpg,dataset1/tiger/0141.jpg,tiger
/Users/vadimkotlarskij/Desktop/Python/Lab2/dataset1/tiger/0814.jpg,dataset1/tiger/0814.jpg,tiger
/Users/vadimkotlarskij/Desktop/Python/Lab2/dataset1/tiger/0800.jpg,dataset1/tiger/0800.jpg,tiger
/Users/vadimkotlarskij/Desktop/Python/Lab2/dataset1/tiger/0196.jpg,dataset1/tiger/0196.jpg,tiger
/Users/vadimkotlarskij/Desktop/Python/Lab2/dataset1/tiger/0828.jpg,dataset1/tiger/0828.jpg,tiger
/Users/vadimkotlarskij/Desktop/Python/Lab2/dataset1/tiger/0182.jpg,dataset1/tiger/0182.jpg,tiger
/Users/vadimkotlarskij/Desktop/Python/Lab2/dataset1/tiger/0183.jpg,dataset1/tiger/0183.jpg,tiger
/Users/vadimkotlarskij/Desktop/Python/Lab2/dataset1/tiger/0197.jpg,dataset1/tiger/0197.jpg,tiger
/Users/vadimkotlarskij/Desktop/Python/Lab2/dataset1/tiger/0829.jpg,dataset1/tiger/0829.jpg,tiger
/Users/vadimkotlarskij/Desktop/Python/Lab2/dataset1/tiger/0801.jpg,dataset1/tiger/0801.jpg,tiger
/Users/vadimkotlarskij/Desktop/Python/Lab2/dataset1/tiger/0815.jpg,dataset1/tiger/0815.jpg,tiger
/Users/vadimkotlarskij/Desktop/Python/Lab2/dataset1/tiger/0626.jpg,dataset1/tiger/0626.jpg,tiger
/Users/vadimkotlarskij/Desktop/Python/Lab2/dataset1/tiger/0140.jpg,dataset1/tiger/0140.jpg,tiger
/Users/vadimkotlarskij/Desktop/Python/Lab2/dataset1/tiger/0154.jpg,dataset1/tiger/0154.jpg,tiger
/Users/vadimkotlarskij/Desktop/Python/Lab2/dataset1/tiger/0632.jpg,dataset1/tiger/0632.jpg,tiger
/Users/vadimkotlarskij/Desktop/Python/Lab2/dataset1/tiger/0168.jpg,dataset1/tiger/0168.jpg,tiger
/Users/vadimkotlarskij/Desktop/Python/Lab2/dataset1/tiger/0381.jpg,dataset1/tiger/0381.jpg,tiger
/Users/vadimkotlarskij/Desktop/Python/Lab2/dataset1/tiger/0395.jpg,dataset1/tiger/0395.jpg,tiger
/Users/vadimkotlarskij/Desktop/Python/Lab2/dataset1/tiger/0342.jpg,dataset1/tiger/0342.jpg,tiger
/Users/vadimkotlarskij/Desktop/Python/Lab2/dataset1/tiger/0424.jpg,dataset1/tiger/0424.jpg,tiger
/Users/vadimkotlarskij/Desktop/Python/Lab2/dataset1/tiger/0430.jpg,dataset1/tiger/0430.jpg,tiger
/Users/vadimkotlarskij/Desktop/Python/Lab2/dataset1/tiger/0356.jpg,dataset1/tiger/0356.jpg,tiger
/Users/vadimkotlarskij/Desktop/Python/Lab2/dataset1/tiger/0418.jpg,dataset1/tiger/0418.jpg,tiger
/Users/vadimkotlarskij/Desktop/Python/Lab2/dataset1/tiger/0593.jpg,dataset1/tiger/0593.jpg,tiger
/Users/vadimkotlarskij/Desktop/Python/Lab2/dataset1/tiger/0587.jpg,dataset1/tiger/0587.jpg,tiger
/Users/vadimkotlarskij/Desktop/Python/Lab2/dataset1/tiger/0236.jpg,dataset1/tiger/0236.jpg,tiger
/Users/vadimkotlarskij/Desktop/Python/Lab2/dataset1/tiger/0550.jpg,dataset1/tiger/0550.jpg,tiger
/Users/vadimkotlarskij/Desktop/Python/Lab2/dataset1/tiger/0544.jpg,dataset1/tiger/0544.jpg,tiger
/Users/vadimkotlarskij/Desktop/Python/Lab2/dataset1/tiger/0222.jpg,dataset1/tiger/0222.jpg,tiger
/Users/vadimkotlarskij/Desktop/Python/Lab2/dataset1/tiger/0578.jpg,dataset1/tiger/0578.jpg,tiger
/Users/vadimkotlarskij/Desktop/Python/Lab2/dataset1/tiger/0791.jpg,dataset1/tiger/0791.jpg,tiger
/Users/vadimkotlarskij/Desktop/Python/Lab2/dataset1/tiger/0949.jpg,dataset1/tiger/0949.jpg,tiger
/Users/vadimkotlarskij/Desktop/Python/Lab2/dataset1/tiger/0785.jpg,dataset1/tiger/0785.jpg,tiger
/Users/vadimkotlarskij/Desktop/Python/Lab2/dataset1/tiger/0752.jpg,dataset1/tiger/0752.jpg,tiger
/Users/vadimkotlarskij/Desktop/Python/Lab2/dataset1/tiger/0034.jpg,dataset1/tiger/0034.jpg,tiger
/Users/vadimkotlarskij/Desktop/Python/Lab2/dataset1/tiger/0020.jpg,dataset1/tiger/0020.jpg,tiger
/Users/vadimkotlarskij/Desktop/Python/Lab2/dataset1/tiger/0746.jpg,dataset1/tiger/0746.jpg,tiger
/Users/vadimkotlarskij/Desktop/Python/Lab2/dataset1/tiger/0008.jpg,dataset1/tiger/0008.jpg,tiger
/Users/vadimkotlarskij/Desktop/Python/Lab2/dataset1/tiger/0778.jpg,dataset1/tiger/0778.jpg,tiger
/Users/vadimkotlarskij/Desktop/Python/Lab2/dataset1/tiger/0036.jpg,dataset1/tiger/0036.jpg,tiger
/Users/vadimkotlarskij/Desktop/Python/Lab2/dataset1/tiger/0750.jpg,dataset1/tiger/0750.jpg,tiger
/Users/vadimkotlarskij/Desktop/Python/Lab2/dataset1/tiger/0744.jpg,dataset1/tiger/0744.jpg,tiger
/Users/vadimkotlarskij/Desktop/Python/Lab2/dataset1/tiger/0022.jpg,dataset1/tiger/0022.jpg,tiger
/Users/vadimkotlarskij/Desktop/Python/Lab2/dataset1/tiger/0793.jpg,dataset1/tiger/0793.jpg,tiger
/Users/vadimkotlarskij/Desktop/Python/Lab2/dataset1/tiger/0787.jpg,dataset1/tiger/0787.jpg,tiger
/Users/vadimkotlarskij/Desktop/Python/Lab2/dataset1/tiger/0208.jpg,dataset1/tiger/0208.jpg,tiger
/Users/vadimkotlarskij/Desktop/Python/Lab2/dataset1/tiger/0552.jpg,dataset1/tiger/0552.jpg,tiger
/Users/vadimkotlarskij/Desktop/Python/Lab2/dataset1/tiger/0234.jpg,dataset1/tiger/0234.jpg,tiger
/Users/vadimkotlarskij/Desktop/Python/Lab2/dataset1/tiger/0220.jpg,dataset1/tiger/0220.jpg,tiger
/Users/vadimkotlarskij/Desktop/Python/Lab2/dataset1/tiger/0546.jpg,dataset1/tiger/0546.jpg,tiger
/Users/vadimkotlarskij/Desktop/Python/Lab2/dataset1/tiger/0591.jpg,dataset1/tiger/0591.jpg,tiger
/Users/vadimkotlarskij/Desktop/Python/Lab2/dataset1/tiger/0585.jpg,dataset1/tiger/0585.jpg,tiger
/Users/vadimkotlarskij/Desktop/Python/Lab2/dataset1/tiger/0368.jpg,dataset1/tiger/0368.jpg,tiger
/Users/vadimkotlarskij/Desktop/Python/Lab2/dataset1/tiger/0426.jpg,dataset1/tiger/0426.jpg,tiger
/Users/vadimkotlarskij/Desktop/Python/Lab2/dataset1/tiger/0340.jpg,dataset1/tiger/0340.jpg,tiger
/Users/vadimkotlarskij/Desktop/Python/Lab2/dataset1/tiger/0354.jpg,dataset1/tiger/0354.jpg,tiger
/Users/vadimkotlarskij/Desktop/Python/Lab2/dataset1/tiger/0432.jpg,dataset1/tiger/0432.jpg,tiger
/Users/vadimkotlarskij/Desktop/Python/Lab2/dataset1/tiger/0383.jpg,dataset1/tiger/0383.jpg,tiger
/Users/vadimkotlarskij/Desktop/Python/Lab2/dataset1/tiger/0397.jpg,dataset1/tiger/0397.jpg,tiger
/Users/vadimkotlarskij/Desktop/Python/Lab2/dataset1/tiger/0618.jpg,dataset1/tiger/0618.jpg,tiger
/Users/vadimkotlarskij/Desktop/Python/Lab2/dataset1/tiger/0142.jpg,dataset1/tiger/0142.jpg,tiger
/Users/vadimkotlarskij/Desktop/Python/Lab2/dataset1/tiger/0624.jpg,dataset1/tiger/0624.jpg,tiger
/Users/vadimkotlarskij/Desktop/Python/Lab2/dataset1/tiger/0630.jpg,dataset1/tiger/0630.jpg,tiger
/Users/vadimkotlarskij/Desktop/Python/Lab2/dataset1/tiger/0156.jpg,dataset1/tiger/0156.jpg,tiger
/Users/vadimkotlarskij/Desktop/Python/Lab2/dataset1/tiger/0803.jpg,dataset1/tiger/0803.jpg,tiger
/Users/vadimkotlarskij/Desktop/Python/Lab2/dataset1/tiger/0817.jpg,dataset1/tiger/0817.jpg,tiger
/Users/vadimkotlarskij/Desktop/Python/Lab2/dataset1/tiger/0181.jpg,dataset1/tiger/0181.jpg,tiger
/Users/vadimkotlarskij/Desktop/Python/Lab2/dataset1/tiger/0195.jpg,dataset1/tiger/0195.jpg,tiger
/Users/vadimkotlarskij/Desktop/Python/Lab2/dataset1/tiger/0194.jpg,dataset1/tiger/0194.jpg,tiger
/Users/vadimkotlarskij/Desktop/Python/Lab2/dataset1/tiger/0180.jpg,dataset1/tiger/0180.jpg,tiger
/Users/vadimkotlarskij/Desktop/Python/Lab2/dataset1/tiger/0816.jpg,dataset1/tiger/0816.jpg,tiger
/Users/vadimkotlarskij/Desktop/Python/Lab2/dataset1/tiger/0802.jpg,dataset1/tiger/0802.jpg,tiger
/Users/vadimkotlarskij/Desktop/Python/Lab2/dataset1/tiger/0631.jpg,dataset1/tiger/0631.jpg,tiger
/Users/vadimkotlarskij/Desktop/Python/Lab2/dataset1/tiger/0157.jpg,dataset1/tiger/0157.jpg,tiger
/Users/vadimkotlarskij/Desktop/Python/Lab2/dataset1/tiger/0143.jpg,dataset1/tiger/0143.jpg,tiger
/Users/vadimkotlarskij/Desktop/Python/Lab2/dataset1/tiger/0625.jpg,dataset1/tiger/0625.jpg,tiger
/Users/vadimkotlarskij/Desktop/Python/Lab2/dataset1/tiger/0619.jpg,dataset1/tiger/0619.jpg,tiger
/Users/vadimkotlarskij/Desktop/Python/Lab2/dataset1/tiger/0396.jpg,dataset1/tiger/0396.jpg,tiger
/Users/vadimkotlarskij/Desktop/Python/Lab2/dataset1/tiger/0382.jpg,dataset1/tiger/0382.jpg,tiger
/Users/vadimkotlarskij/Desktop/Python/Lab2/dataset1/tiger/0355.jpg,dataset1/tiger/0355.jpg,tiger
/Users/vadimkotlarskij/Desktop/Python/Lab2/dataset1/tiger/0433.jpg,dataset1/tiger/0433.jpg,tiger
/Users/vadimkotlarskij/Desktop/Python/Lab2/dataset1/tiger/0427.jpg,dataset1/tiger/0427.jpg,tiger
/Users/vadimkotlarskij/Desktop/Python/Lab2/dataset1/tiger/0341.jpg,dataset1/tiger/0341.jpg,tiger
/Users/vadimkotlarskij/Desktop/Python/Lab2/dataset1/tiger/0369.jpg,dataset1/tiger/0369.jpg,tiger
/Users/vadimkotlarskij/Desktop/Python/Lab2/dataset1/tiger/0584.jpg,dataset1/tiger/0584.jpg,tiger
/Users/vadimkotlarskij/Desktop/Python/Lab2/dataset1/tiger/0590.jpg,dataset1/tiger/0590.jpg,tiger
/Users/vadimkotlarskij/Desktop/Python/Lab2/dataset1/tiger/0221.jpg,dataset1/tiger/0221.jpg,tiger
/Users/vadimkotlarskij/Desktop/Python/Lab2/dataset1/tiger/0547.jpg,dataset1/tiger/0547.jpg,tiger
/Users/vadimkotlarskij/Desktop/Python/Lab2/dataset1/tiger/0553.jpg,dataset1/tiger/0553.jpg,tiger
/Users/vadimkotlarskij/Desktop/Python/Lab2/dataset1/tiger/0235.jpg,dataset1/tiger/0235.jpg,tiger
/Users/vadimkotlarskij/Desktop/Python/Lab2/dataset1/tiger/0209.jpg,dataset1/tiger/0209.jpg,tiger
/Users/vadimkotlarskij/Desktop/Python/Lab2/dataset1/tiger/0786.jpg,dataset1/tiger/0786.jpg,tiger
/Users/vadimkotlarskij/Desktop/Python/Lab2/dataset1/tiger/0792.jpg,dataset1/tiger/0792.jpg,tiger
/Users/vadimkotlarskij/Desktop/Python/Lab2/dataset1/tiger/0745.jpg,dataset1/tiger/0745.jpg,tiger
/Users/vadimkotlarskij/Desktop/Python/Lab2/dataset1/tiger/0023.jpg,dataset1/tiger/0023.jpg,tiger
/Users/vadimkotlarskij/Desktop/Python/Lab2/dataset1/tiger/0037.jpg,dataset1/tiger/0037.jpg,tiger
/Users/vadimkotlarskij/Desktop/Python/Lab2/dataset1/tiger/0751.jpg,dataset1/tiger/0751.jpg,tiger
/Users/vadimkotlarskij/Desktop/Python/Lab2/dataset1/tiger/0779.jpg,dataset1/tiger/0779.jpg,tiger
/Users/vadimkotlarskij/Desktop/Python/Lab2/dataset1/tiger/0050.jpg,dataset1/tiger/0050.jpg,tiger
/Users/vadimkotlarskij/Desktop/Python/Lab2/dataset1/tiger/0736.jpg,dataset1/tiger/0736.jpg,tiger
/Users/vadimkotlarskij/Desktop/Python/Lab2/dataset1/tiger/0722.jpg,dataset1/tiger/0722.jpg,tiger
/Users/vadimkotlarskij/Desktop/Python/Lab2/dataset1/tiger/0044.jpg,dataset1/tiger/0044.jpg,tiger
/Users/vadimkotlarskij/Desktop/Python/Lab2/dataset1/tiger/0078.jpg,dataset1/tiger/0078.jpg,tiger
/Users/vadimkotlarskij/Desktop/Python/Lab2/dataset1/tiger/0093.jpg,dataset1/tiger/0093.jpg,tiger
/Users/vadimkotlarskij/Desktop/Python/Lab2/dataset1/tiger/0939.jpg,dataset1/tiger/0939.jpg,tiger
/Users/vadimkotlarskij/Desktop/Python/Lab2/dataset1/tiger/0087.jpg,dataset1/tiger/0087.jpg,tiger
/Users/vadimkotlarskij/Desktop/Python/Lab2/dataset1/tiger/0911.jpg,dataset1/tiger/0911.jpg,tiger
/Users/vadimkotlarskij/Desktop/Python/Lab2/dataset1/tiger/0905.jpg,dataset1/tiger/0905.jpg,tiger
/Users/vadimkotlarskij/Desktop/Python/Lab2/dataset1/tiger/0534.jpg,dataset1/tiger/0534.jpg,tiger
/Users/vadimkotlarskij/Desktop/Python/Lab2/dataset1/tiger/0252.jpg,dataset1/tiger/0252.jpg,tiger
/Users/vadimkotlarskij/Desktop/Python/Lab2/dataset1/tiger/0246.jpg,dataset1/tiger/0246.jpg,tiger
/Users/vadimkotlarskij/Desktop/Python/Lab2/dataset1/tiger/0520.jpg,dataset1/tiger/0520.jpg,tiger
/Users/vadimkotlarskij/Desktop/Python/Lab2/dataset1/tiger/0508.jpg,dataset1/tiger/0508.jpg,tiger
/Users/vadimkotlarskij/Desktop/Python/Lab2/dataset1/tiger/0291.jpg,dataset1/tiger/0291.jpg,tiger
/Users/vadimkotlarskij/Desktop/Python/Lab2/dataset1/tiger/0285.jpg,dataset1/tiger/0285.jpg,tiger
/Users/vadimkotlarskij/Desktop/Python/Lab2/dataset1/tiger/0440.jpg,dataset1/tiger/0440.jpg,tiger
/Users/vadimkotlarskij/Desktop/Python/Lab2/dataset1/tiger/0326.jpg,dataset1/tiger/0326.jpg,tiger
/Users/vadimkotlarskij/Desktop/Python/Lab2/dataset1/tiger/0332.jpg,dataset1/tiger/0332.jpg,tiger
/Users/vadimkotlarskij/Desktop/Python/Lab2/dataset1/tiger/0454.jpg,dataset1/tiger/0454.jpg,tiger
/Users/vadimkotlarskij/Desktop/Python/Lab2/dataset1/tiger/0468.jpg,dataset1/tiger/0468.jpg,tiger
/Users/vadimkotlarskij/Desktop/Python/Lab2/dataset1/tiger/0483.jpg,dataset1/tiger/0483.jpg,tiger
/Users/vadimkotlarskij/Desktop/Python/Lab2/dataset1/tiger/0497.jpg,dataset1/tiger/0497.jpg,tiger
/Users/vadimkotlarskij/Desktop/Python/Lab2/dataset1/tiger/0124.jpg,dataset1/tiger/0124.jpg,tiger
/Users/vadimkotlarskij/Desktop/Python/Lab2/dataset1/tiger/0642.jpg,dataset1/tiger/0642.jpg,tiger
/Users/vadimkotlarskij/Desktop/Python/Lab2/dataset1/tiger/0656.jpg,dataset1/tiger/0656.jpg,tiger
/Users/vadimkotlarskij/Desktop/Python/Lab2/dataset1/tiger/0130.jpg,dataset1/tiger/0130.jpg,tiger
/Users/vadimkotlarskij/Desktop/Python/Lab2/dataset1/tiger/0118.jpg,dataset1/tiger/0118.jpg,tiger
/Users/vadimkotlarskij/Desktop/Python/Lab2/dataset1/tiger/0681.jpg,dataset1/tiger/0681.jpg,tiger
/Users/vadimkotlarskij/Desktop/Python/Lab2/dataset1/tiger/0859.jpg,dataset1/tiger/0859.jpg,tiger
/Users/vadimkotlarskij/Desktop/Python/Lab2/dataset1/tiger/0695.jpg,dataset1/tiger/0695.jpg,tiger
/Users/vadimkotlarskij/Desktop/Python/Lab2/dataset1/tiger/0865.jpg,dataset1/tiger/0865.jpg,tiger
/Users/vadimkotlarskij/Desktop/Python/Lab2/dataset1/tiger/0871.jpg,dataset1/tiger/0871.jpg,tiger
/Users/vadimkotlarskij/Desktop/Python/Lab2/dataset1/tiger/0870.jpg,dataset1/tiger/0870.jpg,tiger
/Users/vadimkotlarskij/Desktop/Python/Lab2/dataset1/tiger/0864.jpg,dataset1/tiger/0864.jpg,tiger
/Users/vadimkotlarskij/Desktop/Python/Lab2/dataset1/tiger/0694.jpg,dataset1/tiger/0694.jpg,tiger
/Users/vadimkotlarskij/Desktop/Python/Lab2/dataset1/tiger/0858.jpg,dataset1/tiger/0858.jpg,tiger
/Users/vadimkotlarskij/Desktop/Python/Lab2/dataset1/tiger/0680.jpg,dataset1/tiger/0680.jpg,tiger
/Users/vadimkotlarskij/Desktop/Python/Lab2/dataset1/tiger/0119.jpg,dataset1/tiger/0119.jpg,tiger
/Users/vadimkotlarskij/Desktop/Python/Lab2/dataset1/tiger/0657.jpg,dataset1/tiger/0657.jpg,tiger
/Users/vadimkotlarskij/Desktop/Python/Lab2/dataset1/tiger/0131.jpg,dataset1/tiger/0131.jpg,tiger
/Users/vadimkotlarskij/Desktop/Python/Lab2/dataset1/tiger/0125.jpg,dataset1/tiger/0125.jpg,tiger
/Users/vadimkotlarskij/Desktop/Python/Lab2/dataset1/tiger/0643.jpg,dataset1/tiger/0643.jpg,tiger
/Users/vadimkotlarskij/Desktop/Python/Lab2/dataset1/tiger/0496.jpg,dataset1/tiger/0496.jpg,tiger
/Users/vadimkotlarskij/Desktop/Python/Lab2/dataset1/tiger/0482.jpg,dataset1/tiger/0482.jpg,tiger
/Users/vadimkotlarskij/Desktop/Python/Lab2/dataset1/tiger/0469.jpg,dataset1/tiger/0469.jpg,tiger
/Users/vadimkotlarskij/Desktop/Python/Lab2/dataset1/tiger/0333.jpg,dataset1/tiger/0333.jpg,tiger
/Users/vadimkotlarskij/Desktop/Python/Lab2/dataset1/tiger/0455.jpg,dataset1/tiger/0455.jpg,tiger
/Users/vadimkotlarskij/Desktop/Python/Lab2/dataset1/tiger/0441.jpg,dataset1/tiger/0441.jpg,tiger
/Users/vadimkotlarskij/Desktop/Python/Lab2/dataset1/tiger/0327.jpg,dataset1/tiger/0327.jpg,tiger
/Users/vadimkotlarskij/Desktop/Python/Lab2/dataset1/tiger/0284.jpg,dataset1/tiger/0284.jpg,tiger
/Users/vadimkotlarskij/Desktop/Python/Lab2/dataset1/tiger/0290.jpg,dataset1/tiger/0290.jpg,tiger
/Users/vadimkotlarskij/Desktop/Python/Lab2/dataset1/tiger/0509.jpg,dataset1/tiger/0509.jpg,tiger
/Users/vadimkotlarskij/Desktop/Python/Lab2/dataset1/tiger/0247.jpg,dataset1/tiger/0247.jpg,tiger
/Users/vadimkotlarskij/Desktop/Python/Lab2/dataset1/tiger/0521.jpg,dataset1/tiger/0521.jpg,tiger
/Users/vadimkotlarskij/Desktop/Python/Lab2/dataset1/tiger/0535.jpg,dataset1/tiger/0535.jpg,tiger
/Users/vadimkotlarskij/Desktop/Python/Lab2/dataset1/tiger/0253.jpg,dataset1/tiger/0253.jpg,tiger
/Users/vadimkotlarskij/Desktop/Python/Lab2/dataset1/tiger/0904.jpg,dataset1/tiger/0904.jpg,tiger
/Users/vadimkotlarskij/Desktop/Python/Lab2/dataset1/tiger/0910.jpg,dataset1/tiger/0910.jpg,tiger
/Users/vadimkotlarskij/Desktop/Python/Lab2/dataset1/tiger/0938.jpg,dataset1/tiger/0938.jpg,tiger
/Users/vadimkotlarskij/Desktop/Python/Lab2/dataset1/tiger/0086.jpg,dataset1/tiger/0086.jpg,tiger
/Users/vadimkotlarskij/Desktop/Python/Lab2/dataset1/tiger/0092.jpg,dataset1/tiger/0092.jpg,tiger
/Users/vadimkotlarskij/Desktop/Python/Lab2/dataset1/tiger/0079.jpg,dataset1/tiger/0079.jpg,tiger
/Users/vadimkotlarskij/Desktop/Python/Lab2/dataset1/tiger/0723.jpg,dataset1/tiger/0723.jpg,tiger
/Users/vadimkotlarskij/Desktop/Python/Lab2/dataset1/tiger/0045.jpg,dataset1/tiger/0045.jpg,tiger
/Users/vadimkotlarskij/Desktop/Python/Lab2/dataset1/tiger/0051.jpg,dataset1/tiger/0051.jpg,tiger
/Users/vadimkotlarskij/Desktop/Python/Lab2/dataset1/tiger/0737.jpg,dataset1/tiger/0737.jpg,tiger
/Users/vadimkotlarskij/Desktop/Python/Lab2/dataset1/tiger/0047.jpg,dataset1/tiger/0047.jpg,tiger
/Users/vadimkotlarskij/Desktop/Python/Lab2/dataset1/tiger/0721.jpg,dataset1/tiger/0721.jpg,tiger
/Users/vadimkotlarskij/Desktop/Python/Lab2/dataset1/tiger/0735.jpg,dataset1/tiger/0735.jpg,tiger
/Users/vadimkotlarskij/Desktop/Python/Lab2/dataset1/tiger/0053.jpg,dataset1/tiger/0053.jpg,tiger
/Users/vadimkotlarskij/Desktop/Python/Lab2/dataset1/tiger/0709.jpg,dataset1/tiger/0709.jpg,tiger
/Users/vadimkotlarskij/Desktop/Python/Lab2/dataset1/tiger/0084.jpg,dataset1/tiger/0084.jpg,tiger
/Users/vadimkotlarskij/Desktop/Python/Lab2/dataset1/tiger/0090.jpg,dataset1/tiger/0090.jpg,tiger
/Users/vadimkotlarskij/Desktop/Python/Lab2/dataset1/tiger/0906.jpg,dataset1/tiger/0906.jpg,tiger
/Users/vadimkotlarskij/Desktop/Python/Lab2/dataset1/tiger/0912.jpg,dataset1/tiger/0912.jpg,tiger
/Users/vadimkotlarskij/Desktop/Python/Lab2/dataset1/tiger/0523.jpg,dataset1/tiger/0523.jpg,tiger
/Users/vadimkotlarskij/Desktop/Python/Lab2/dataset1/tiger/0245.jpg,dataset1/tiger/0245.jpg,tiger
/Users/vadimkotlarskij/Desktop/Python/Lab2/dataset1/tiger/0251.jpg,dataset1/tiger/0251.jpg,tiger
/Users/vadimkotlarskij/Desktop/Python/Lab2/dataset1/tiger/0537.jpg,dataset1/tiger/0537.jpg,tiger
/Users/vadimkotlarskij/Desktop/Python/Lab2/dataset1/tiger/0279.jpg,dataset1/tiger/0279.jpg,tiger
/Users/vadimkotlarskij/Desktop/Python/Lab2/dataset1/tiger/0286.jpg,dataset1/tiger/0286.jpg,tiger
/Users/vadimkotlarskij/Desktop/Python/Lab2/dataset1/tiger/0292.jpg,dataset1/tiger/0292.jpg,tiger
/Users/vadimkotlarskij/Desktop/Python/Lab2/dataset1/tiger/0457.jpg,dataset1/tiger/0457.jpg,tiger
/Users/vadimkotlarskij/Desktop/Python/Lab2/dataset1/tiger/0331.jpg,dataset1/tiger/0331.jpg,tiger
/Users/vadimkotlarskij/Desktop/Python/Lab2/dataset1/tiger/0325.jpg,dataset1/tiger/0325.jpg,tiger
/Users/vadimkotlarskij/Desktop/Python/Lab2/dataset1/tiger/0443.jpg,dataset1/tiger/0443.jpg,tiger
/Users/vadimkotlarskij/Desktop/Python/Lab2/dataset1/tiger/0319.jpg,dataset1/tiger/0319.jpg,tiger
/Users/vadimkotlarskij/Desktop/Python/Lab2/dataset1/tiger/0494.jpg,dataset1/tiger/0494.jpg,tiger
/Users/vadimkotlarskij/Desktop/Python/Lab2/dataset1/tiger/0480.jpg,dataset1/tiger/0480.jpg,tiger
/Users/vadimkotlarskij/Desktop/Python/Lab2/dataset1/tiger/0133.jpg,dataset1/tiger/0133.jpg,tiger
/Users/vadimkotlarskij/Desktop/Python/Lab2/dataset1/tiger/0655.jpg,dataset1/tiger/0655.jpg,tiger
/Users/vadimkotlarskij/Desktop/Python/Lab2/dataset1/tiger/0899.jpg,dataset1/tiger/0899.jpg,tiger
/Users/vadimkotlarskij/Desktop/Python/Lab2/dataset1/tiger/0641.jpg,dataset1/tiger/0641.jpg,tiger
/Users/vadimkotlarskij/Desktop/Python/Lab2/dataset1/tiger/0127.jpg,dataset1/tiger/0127.jpg,tiger
/Users/vadimkotlarskij/Desktop/Python/Lab2/dataset1/tiger/0669.jpg,dataset1/tiger/0669.jpg,tiger
/Users/vadimkotlarskij/Desktop/Python/Lab2/dataset1/tiger/0696.jpg,dataset1/tiger/0696.jpg,tiger
/Users/vadimkotlarskij/Desktop/Python/Lab2/dataset1/tiger/0682.jpg,dataset1/tiger/0682.jpg,tiger
/Users/vadimkotlarskij/Desktop/Python/Lab2/dataset1/tiger/0872.jpg,dataset1/tiger/0872.jpg,tiger
/Users/vadimkotlarskij/Desktop/Python/Lab2/dataset1/tiger/0866.jpg,dataset1/tiger/0866.jpg,tiger
/Users/vadimkotlarskij/Desktop/Python/Lab2/dataset1/tiger/0867.jpg,dataset1/tiger/0867.jpg,tiger
/Users/vadimkotlarskij/Desktop/Python/Lab2/dataset1/tiger/0873.jpg,dataset1/tiger/0873.jpg,tiger
/Users/vadimkotlarskij/Desktop/Python/Lab2/dataset1/tiger/0683.jpg,dataset1/tiger/0683.jpg,tiger
/Users/vadimkotlarskij/Desktop/Python/Lab2/dataset1/tiger/0697.jpg,dataset1/tiger/0697.jpg,tiger
/Users/vadimkotlarskij/Desktop/Python/Lab2/dataset1/tiger/0668.jpg,dataset1/tiger/0668.jpg,tiger
/Users/vadimkotlarskij/Desktop/Python/Lab2/dataset1/tiger/0640.jpg,dataset1/tiger/0640.jpg,tiger
/Users/vadimkotlarskij/Desktop/Python/Lab2/dataset1/tiger/0898.jpg,dataset1/tiger/0898.jpg,tiger
/Users/vadimkotlarskij/Desktop/Python/Lab2/dataset1/tiger/0126.jpg,dataset1/tiger/0126.jpg,tiger
/Users/vadimkotlarskij/Desktop/Python/Lab2/dataset1/tiger/0132.jpg,dataset1/tiger/0132.jpg,tiger
/Users/vadimkotlarskij/Desktop/Python/Lab2/dataset1/tiger/0654.jpg,dataset1/tiger/0654.jpg,tiger
/Users/vadimkotlarskij/Desktop/Python/Lab2/dataset1/tiger/0481.jpg,dataset1/tiger/0481.jpg,tiger
/Users/vadimkotlarskij/Desktop/Python/Lab2/dataset1/tiger/0495.jpg,dataset1/tiger/0495.jpg,tiger
/Users/vadimkotlarskij/Desktop/Python/Lab2/dataset1/tiger/0318.jpg,dataset1/tiger/0318.jpg,tiger
/Users/vadimkotlarskij/Desktop/Python/Lab2/dataset1/tiger/0324.jpg,dataset1/tiger/0324.jpg,tiger
/Users/vadimkotlarskij/Desktop/Python/Lab2/dataset1/tiger/0442.jpg,dataset1/tiger/0442.jpg,tiger
/Users/vadimkotlarskij/Desktop/Python/Lab2/dataset1/tiger/0456.jpg,dataset1/tiger/0456.jpg,tiger
/Users/vadimkotlarskij/Desktop/Python/Lab2/dataset1/tiger/0330.jpg,dataset1/tiger/0330.jpg,tiger
/Users/vadimkotlarskij/Desktop/Python/Lab2/dataset1/tiger/0293.jpg,dataset1/tiger/0293.jpg,tiger
/Users/vadimkotlarskij/Desktop/Python/Lab2/dataset1/tiger/0287.jpg,dataset1/tiger/0287.jpg,tiger
/Users/vadimkotlarskij/Desktop/Python/Lab2/dataset1/tiger/0278.jpg,dataset1/tiger/0278.jpg,tiger
/Users/vadimkotlarskij/Desktop/Python/Lab2/dataset1/tiger/0250.jpg,dataset1/tiger/0250.jpg,tiger
/Users/vadimkotlarskij/Desktop/Python/Lab2/dataset1/tiger/0536.jpg,dataset1/tiger/0536.jpg,tiger
/Users/vadimkotlarskij/Desktop/Python/Lab2/dataset1/tiger/0522.jpg,dataset1/tiger/0522.jpg,tiger
/Users/vadimkotlarskij/Desktop/Python/Lab2/dataset1/tiger/0244.jpg,dataset1/tiger/0244.jpg,tiger
/Users/vadimkotlarskij/Desktop/Python/Lab2/dataset1/tiger/0913.jpg,dataset1/tiger/0913.jpg,tiger
/Users/vadimkotlarskij/Desktop/Python/Lab2/dataset1/tiger/0907.jpg,dataset1/tiger/0907.jpg,tiger
/Users/vadimkotlarskij/Desktop/Python/Lab2/dataset1/tiger/0091.jpg,dataset1/tiger/0091.jpg,tiger
/Users/vadimkotlarskij/Desktop/Python/Lab2/dataset1/tiger/0085.jpg,dataset1/tiger/0085.jpg,tiger
/Users/vadimkotlarskij/Desktop/Python/Lab2/dataset1/tiger/0708.jpg,dataset1/tiger/0708.jpg,tiger
/Users/vadimkotlarskij/Desktop/Python/Lab2/dataset1/tiger/0734.jpg,dataset1/tiger/0734.jpg,tiger
/Users/vadimkotlarskij/Desktop/Python/Lab2/dataset1/tiger/0052.jpg,dataset1/tiger/0052.jpg,tiger
/Users/vadimkotlarskij/Desktop/Python/Lab2/dataset1/tiger/0046.jpg,dataset1/tiger/0046.jpg,tiger
/Users/vadimkotlarskij/Desktop/Python/Lab2/dataset1/tiger/0720.jpg,dataset1/tiger/0720.jpg,tiger
/Users/vadimkotlarskij/Desktop/Python/Lab2/dataset1/tiger/0718.jpg,dataset1/tiger/0718.jpg,tiger
/Users/vadimkotlarskij/Desktop/Python/Lab2/dataset1/tiger/0724.jpg,dataset1/tiger/0724.jpg,tiger
/Users/vadimkotlarskij/Desktop/Python/Lab2/dataset1/tiger/0042.jpg,dataset1/tiger/0042.jpg,tiger
/Users/vadimkotlarskij/Desktop/Python/Lab2/dataset1/tiger/0056.jpg,dataset1/tiger/0056.jpg,tiger
/Users/vadimkotlarskij/Desktop/Python/Lab2/dataset1/tiger/0730.jpg,dataset1/tiger/0730.jpg,tiger
/Users/vadimkotlarskij/Desktop/Python/Lab2/dataset1/tiger/0903.jpg,dataset1/tiger/0903.jpg,tiger
/Users/vadimkotlarskij/Desktop/Python/Lab2/dataset1/tiger/0917.jpg,dataset1/tiger/0917.jpg,tiger
/Users/vadimkotlarskij/Desktop/Python/Lab2/dataset1/tiger/0081.jpg,dataset1/tiger/0081.jpg,tiger
/Users/vadimkotlarskij/Desktop/Python/Lab2/dataset1/tiger/0095.jpg,dataset1/tiger/0095.jpg,tiger
/Users/vadimkotlarskij/Desktop/Python/Lab2/dataset1/tiger/0268.jpg,dataset1/tiger/0268.jpg,tiger
/Users/vadimkotlarskij/Desktop/Python/Lab2/dataset1/tiger/0240.jpg,dataset1/tiger/0240.jpg,tiger
/Users/vadimkotlarskij/Desktop/Python/Lab2/dataset1/tiger/0526.jpg,dataset1/tiger/0526.jpg,tiger
/Users/vadimkotlarskij/Desktop/Python/Lab2/dataset1/tiger/0532.jpg,dataset1/tiger/0532.jpg,tiger
/Users/vadimkotlarskij/Desktop/Python/Lab2/dataset1/tiger/0254.jpg,dataset1/tiger/0254.jpg,tiger
/Users/vadimkotlarskij/Desktop/Python/Lab2/dataset1/tiger/0283.jpg,dataset1/tiger/0283.jpg,tiger
/Users/vadimkotlarskij/Desktop/Python/Lab2/dataset1/tiger/0297.jpg,dataset1/tiger/0297.jpg,tiger
/Users/vadimkotlarskij/Desktop/Python/Lab2/dataset1/tiger/0308.jpg,dataset1/tiger/0308.jpg,tiger
/Users/vadimkotlarskij/Desktop/Python/Lab2/dataset1/tiger/0334.jpg,dataset1/tiger/0334.jpg,tiger
/Users/vadimkotlarskij/Desktop/Python/Lab2/dataset1/tiger/0452.jpg,dataset1/tiger/0452.jpg,tiger
/Users/vadimkotlarskij/Desktop/Python/Lab2/dataset1/tiger/0446.jpg,dataset1/tiger/0446.jpg,tiger
/Users/vadimkotlarskij/Desktop/Python/Lab2/dataset1/tiger/0320.jpg,dataset1/tiger/0320.jpg,tiger
/Users/vadimkotlarskij/Desktop/Python/Lab2/dataset1/tiger/0491.jpg,dataset1/tiger/0491.jpg,tiger
/Users/vadimkotlarskij/Desktop/Python/Lab2/dataset1/tiger/0485.jpg,dataset1/tiger/0485.jpg,tiger
/Users/vadimkotlarskij/Desktop/Python/Lab2/dataset1/tiger/0678.jpg,dataset1/tiger/0678.jpg,tiger
/Users/vadimkotlarskij/Desktop/Python/Lab2/dataset1/tiger/0888.jpg,dataset1/tiger/0888.jpg,tiger
/Users/vadimkotlarskij/Desktop/Python/Lab2/dataset1/tiger/0650.jpg,dataset1/tiger/0650.jpg,tiger
/Users/vadimkotlarskij/Desktop/Python/Lab2/dataset1/tiger/0136.jpg,dataset1/tiger/0136.jpg,tiger
/Users/vadimkotlarskij/Desktop/Python/Lab2/dataset1/tiger/0122.jpg,dataset1/tiger/0122.jpg,tiger
/Users/vadimkotlarskij/Desktop/Python/Lab2/dataset1/tiger/0644.jpg,dataset1/tiger/0644.jpg,tiger
/Users/vadimkotlarskij/Desktop/Python/Lab2/dataset1/tiger/0877.jpg,dataset1/tiger/0877.jpg,tiger
/Users/vadimkotlarskij/Desktop/Python/Lab2/dataset1/tiger/0863.jpg,dataset1/tiger/0863.jpg,tiger
/Users/vadimkotlarskij/Desktop/Python/Lab2/dataset1/tiger/0693.jpg,dataset1/tiger/0693.jpg,tiger
/Users/vadimkotlarskij/Desktop/Python/Lab2/dataset1/tiger/0687.jpg,dataset1/tiger/0687.jpg,tiger
/Users/vadimkotlarskij/Desktop/Python/Lab2/dataset1/tiger/0686.jpg,dataset1/tiger/0686.jpg,tiger
/Users/vadimkotlarskij/Desktop/Python/Lab2/dataset1/tiger/0692.jpg,dataset1/tiger/0692.jpg,tiger
/Users/vadimkotlarskij/Desktop/Python/Lab2/dataset1/tiger/0862.jpg,dataset1/tiger/0862.jpg,tiger
/Users/vadimkotlarskij/Desktop/Python/Lab2/dataset1/tiger/0876.jpg,dataset1/tiger/0876.jpg,tiger
/Users/vadimkotlarskij/Desktop/Python/Lab2/dataset1/tiger/0123.jpg,dataset1/tiger/0123.jpg,tiger
/Users/vadimkotlarskij/Desktop/Python/Lab2/dataset1/tiger/0645.jpg,dataset1/tiger/0645.jpg,tiger
/Users/vadimkotlarskij/Desktop/Python/Lab2/dataset1/tiger/0651.jpg,dataset1/tiger/0651.jpg,tiger
/Users/vadimkotlarskij/Desktop/Python/Lab2/dataset1/tiger/0889.jpg,dataset1/tiger/0889.jpg,tiger
/Users/vadimkotlarskij/Desktop/Python/Lab2/dataset1/tiger/0137.jpg,dataset1/tiger/0137.jpg,tiger
/Users/vadimkotlarskij/Desktop/Python/Lab2/dataset1/tiger/0679.jpg,dataset1/tiger/0679.jpg,tiger
/Users/vadimkotlarskij/Desktop/Python/Lab2/dataset1/tiger/0484.jpg,dataset1/tiger/0484.jpg,tiger
/Users/vadimkotlarskij/Desktop/Python/Lab2/dataset1/tiger/0490.jpg,dataset1/tiger/0490.jpg,tiger
/Users/vadimkotlarskij/Desktop/Python/Lab2/dataset1/tiger/0447.jpg,dataset1/tiger/0447.jpg,tiger
/Users/vadimkotlarskij/Desktop/Python/Lab2/dataset1/tiger/0321.jpg,dataset1/tiger/0321.jpg,tiger
/Users/vadimkotlarskij/Desktop/Python/Lab2/dataset1/tiger/0335.jpg,dataset1/tiger/0335.jpg,tiger
/Users/vadimkotlarskij/Desktop/Python/Lab2/dataset1/tiger/0453.jpg,dataset1/tiger/0453.jpg,tiger
/Users/vadimkotlarskij/Desktop/Python/Lab2/dataset1/tiger/0309.jpg,dataset1/tiger/0309.jpg,tiger
/Users/vadimkotlarskij/Desktop/Python/Lab2/dataset1/tiger/0296.jpg,dataset1/tiger/0296.jpg,tiger
/Users/vadimkotlarskij/Desktop/Python/Lab2/dataset1/tiger/0282.jpg,dataset1/tiger/0282.jpg,tiger
/Users/vadimkotlarskij/Desktop/Python/Lab2/dataset1/tiger/0533.jpg,dataset1/tiger/0533.jpg,tiger
/Users/vadimkotlarskij/Desktop/Python/Lab2/dataset1/tiger/0255.jpg,dataset1/tiger/0255.jpg,tiger
/Users/vadimkotlarskij/Desktop/Python/Lab2/dataset1/tiger/0241.jpg,dataset1/tiger/0241.jpg,tiger
/Users/vadimkotlarskij/Desktop/Python/Lab2/dataset1/tiger/0527.jpg,dataset1/tiger/0527.jpg,tiger
/Users/vadimkotlarskij/Desktop/Python/Lab2/dataset1/tiger/0269.jpg,dataset1/tiger/0269.jpg,tiger
/Users/vadimkotlarskij/Desktop/Python/Lab2/dataset1/tiger/0094.jpg,dataset1/tiger/0094.jpg,tiger
/Users/vadimkotlarskij/Desktop/Python/Lab2/dataset1/tiger/0080.jpg,dataset1/tiger/0080.jpg,tiger
/Users/vadimkotlarskij/Desktop/Python/Lab2/dataset1/tiger/0916.jpg,dataset1/tiger/0916.jpg,tiger
/Users/vadimkotlarskij/Desktop/Python/Lab2/dataset1/tiger/0902.jpg,dataset1/tiger/0902.jpg,tiger
/Users/vadimkotlarskij/Desktop/Python/Lab2/dataset1/tiger/0057.jpg,dataset1/tiger/0057.jpg,tiger
/Users/vadimkotlarskij/Desktop/Python/Lab2/dataset1/tiger/0731.jpg,dataset1/tiger/0731.jpg,tiger
/Users/vadimkotlarskij/Desktop/Python/Lab2/dataset1/tiger/0725.jpg,dataset1/tiger/0725.jpg,tiger
/Users/vadimkotlarskij/Desktop/Python/Lab2/dataset1/tiger/0043.jpg,dataset1/tiger/0043.jpg,tiger
/Users/vadimkotlarskij/Desktop/Python/Lab2/dataset1/tiger/0719.jpg,dataset1/tiger/0719.jpg,tiger
/Users/vadimkotlarskij/Desktop/Python/Lab2/dataset1/tiger/0069.jpg,dataset1/tiger/0069.jpg,tiger
/Users/vadimkotlarskij/Desktop/Python/Lab2/dataset1/tiger/0733.jpg,dataset1/tiger/0733.jpg,tiger
/Users/vadimkotlarskij/Desktop/Python/Lab2/dataset1/tiger/0055.jpg,dataset1/tiger/0055.jpg,tiger
/Users/vadimkotlarskij/Desktop/Python/Lab2/dataset1/tiger/0041.jpg,dataset1/tiger/0041.jpg,tiger
/Users/vadimkotlarskij/Desktop/Python/Lab2/dataset1/tiger/0727.jpg,dataset1/tiger/0727.jpg,tiger
/Users/vadimkotlarskij/Desktop/Python/Lab2/dataset1/tiger/0914.jpg,dataset1/tiger/0914.jpg,tiger
/Users/vadimkotlarskij/Desktop/Python/Lab2/dataset1/tiger/0900.jpg,dataset1/tiger/0900.jpg,tiger
/Users/vadimkotlarskij/Desktop/Python/Lab2/dataset1/tiger/0928.jpg,dataset1/tiger/0928.jpg,tiger
/Users/vadimkotlarskij/Desktop/Python/Lab2/dataset1/tiger/0096.jpg,dataset1/tiger/0096.jpg,tiger
/Users/vadimkotlarskij/Desktop/Python/Lab2/dataset1/tiger/0082.jpg,dataset1/tiger/0082.jpg,tiger
/Users/vadimkotlarskij/Desktop/Python/Lab2/dataset1/tiger/0519.jpg,dataset1/tiger/0519.jpg,tiger
/Users/vadimkotlarskij/Desktop/Python/Lab2/dataset1/tiger/0257.jpg,dataset1/tiger/0257.jpg,tiger
/Users/vadimkotlarskij/Desktop/Python/Lab2/dataset1/tiger/0531.jpg,dataset1/tiger/0531.jpg,tiger
/Users/vadimkotlarskij/Desktop/Python/Lab2/dataset1/tiger/0525.jpg,dataset1/tiger/0525.jpg,tiger
/Users/vadimkotlarskij/Desktop/Python/Lab2/dataset1/tiger/0243.jpg,dataset1/tiger/0243.jpg,tiger
/Users/vadimkotlarskij/Desktop/Python/Lab2/dataset1/tiger/0294.jpg,dataset1/tiger/0294.jpg,tiger
/Users/vadimkotlarskij/Desktop/Python/Lab2/dataset1/tiger/0280.jpg,dataset1/tiger/0280.jpg,tiger
/Users/vadimkotlarskij/Desktop/Python/Lab2/dataset1/tiger/0479.jpg,dataset1/tiger/0479.jpg,tiger
/Users/vadimkotlarskij/Desktop/Python/Lab2/dataset1/tiger/0323.jpg,dataset1/tiger/0323.jpg,tiger
/Users/vadimkotlarskij/Desktop/Python/Lab2/dataset1/tiger/0445.jpg,dataset1/tiger/0445.jpg,tiger
/Users/vadimkotlarskij/Desktop/Python/Lab2/dataset1/tiger/0451.jpg,dataset1/tiger/0451.jpg,tiger
/Users/vadimkotlarskij/Desktop/Python/Lab2/dataset1/tiger/0337.jpg,dataset1/tiger/0337.jpg,tiger
/Users/vadimkotlarskij/Desktop/Python/Lab2/dataset1/tiger/0486.jpg,dataset1/tiger/0486.jpg,tiger
/Users/vadimkotlarskij/Desktop/Python/Lab2/dataset1/tiger/0492.jpg,dataset1/tiger/0492.jpg,tiger
/Users/vadimkotlarskij/Desktop/Python/Lab2/dataset1/tiger/0109.jpg,dataset1/tiger/0109.jpg,tiger
/Users/vadimkotlarskij/Desktop/Python/Lab2/dataset1/tiger/0647.jpg,dataset1/tiger/0647.jpg,tiger
/Users/vadimkotlarskij/Desktop/Python/Lab2/dataset1/tiger/0121.jpg,dataset1/tiger/0121.jpg,tiger
/Users/vadimkotlarskij/Desktop/Python/Lab2/dataset1/tiger/0135.jpg,dataset1/tiger/0135.jpg,tiger
/Users/vadimkotlarskij/Desktop/Python/Lab2/dataset1/tiger/0653.jpg,dataset1/tiger/0653.jpg,tiger
/Users/vadimkotlarskij/Desktop/Python/Lab2/dataset1/tiger/0860.jpg,dataset1/tiger/0860.jpg,tiger
/Users/vadimkotlarskij/Desktop/Python/Lab2/dataset1/tiger/0874.jpg,dataset1/tiger/0874.jpg,tiger
/Users/vadimkotlarskij/Desktop/Python/Lab2/dataset1/tiger/0684.jpg,dataset1/tiger/0684.jpg,tiger
/Users/vadimkotlarskij/Desktop/Python/Lab2/dataset1/tiger/0690.jpg,dataset1/tiger/0690.jpg,tiger
/Users/vadimkotlarskij/Desktop/Python/Lab2/dataset1/tiger/0848.jpg,dataset1/tiger/0848.jpg,tiger
/Users/vadimkotlarskij/Desktop/Python/Lab2/dataset1/tiger/0849.jpg,dataset1/tiger/0849.jpg,tiger
/Users/vadimkotlarskij/Desktop/Python/Lab2/dataset1/tiger/0691.jpg,dataset1/tiger/0691.jpg,tiger
/Users/vadimkotlarskij/Desktop/Python/Lab2/dataset1/tiger/0685.jpg,dataset1/tiger/0685.jpg,tiger
/Users/vadimkotlarskij/Desktop/Python/Lab2/dataset1/tiger/0875.jpg,dataset1/tiger/0875.jpg,tiger
/Users/vadimkotlarskij/Desktop/Python/Lab2/dataset1/tiger/0861.jpg,dataset1/tiger/0861.jpg,tiger
/Users/vadimkotlarskij/Desktop/Python/Lab2/dataset1/tiger/0134.jpg,dataset1/tiger/0134.jpg,tiger
/Users/vadimkotlarskij/Desktop/Python/Lab2/dataset1/tiger/0652.jpg,dataset1/tiger/0652.jpg,tiger
/Users/vadimkotlarskij/Desktop/Python/Lab2/dataset1/tiger/0646.jpg,dataset1/tiger/0646.jpg,tiger
/Users/vadimkotlarskij/Desktop/Python/Lab2/dataset1/tiger/0120.jpg,dataset1/tiger/0120.jpg,tiger
/Users/vadimkotlarskij/Desktop/Python/Lab2/dataset1/tiger/0108.jpg,dataset1/tiger/0108.jpg,tiger
/Users/vadimkotlarskij/Desktop/Python/Lab2/dataset1/tiger/0493.jpg,dataset1/tiger/0493.jpg,tiger
/Users/vadimkotlarskij/Desktop/Python/Lab2/dataset1/tiger/0487.jpg,dataset1/tiger/0487.jpg,tiger
/Users/vadimkotlarskij/Desktop/Python/Lab2/dataset1/tiger/0450.jpg,dataset1/tiger/0450.jpg,tiger
/Users/vadimkotlarskij/Desktop/Python/Lab2/dataset1/tiger/0336.jpg,dataset1/tiger/0336.jpg,tiger
/Users/vadimkotlarskij/Desktop/Python/Lab2/dataset1/tiger/0322.jpg,dataset1/tiger/0322.jpg,tiger
/Users/vadimkotlarskij/Desktop/Python/Lab2/dataset1/tiger/0444.jpg,dataset1/tiger/0444.jpg,tiger
/Users/vadimkotlarskij/Desktop/Python/Lab2/dataset1/tiger/0478.jpg,dataset1/tiger/0478.jpg,tiger
/Users/vadimkotlarskij/Desktop/Python/Lab2/dataset1/tiger/0281.jpg,dataset1/tiger/0281.jpg,tiger
/Users/vadimkotlarskij/Desktop/Python/Lab2/dataset1/tiger/0295.jpg,dataset1/tiger/0295.jpg,tiger
/Users/vadimkotlarskij/Desktop/Python/Lab2/dataset1/tiger/0524.jpg,dataset1/tiger/0524.jpg,tiger
/Users/vadimkotlarskij/Desktop/Python/Lab2/dataset1/tiger/0242.jpg,dataset1/tiger/0242.jpg,tiger
/Users/vadimkotlarskij/Desktop/Python/Lab2/dataset1/tiger/0256.jpg,dataset1/tiger/0256.jpg,tiger
/Users/vadimkotlarskij/Desktop/Python/Lab2/dataset1/tiger/0530.jpg,dataset1/tiger/0530.jpg,tiger
/Users/vadimkotlarskij/Desktop/Python/Lab2/dataset1/tiger/0518.jpg,dataset1/tiger/0518.jpg,tiger
/Users/vadimkotlarskij/Desktop/Python/Lab2/dataset1/tiger/0083.jpg,dataset1/tiger/0083.jpg,tiger
/Users/vadimkotlarskij/Desktop/Python/Lab2/dataset1/tiger/0929.jpg,dataset1/tiger/0929.jpg,tiger
/Users/vadimkotlarskij/Desktop/Python/Lab2/dataset1/tiger/0097.jpg,dataset1/tiger/0097.jpg,tiger
/Users/vadimkotlarskij/Desktop/Python/Lab2/dataset1/tiger/0901.jpg,dataset1/tiger/0901.jpg,tiger
/Users/vadimkotlarskij/Desktop/Python/Lab2/dataset1/tiger/0915.jpg,dataset1/tiger/0915.jpg,tiger
/Users/vadimkotlarskij/Desktop/Python/Lab2/dataset1/tiger/0040.jpg,dataset1/tiger/0040.jpg,tiger
/Users/vadimkotlarskij/Desktop/Python/Lab2/dataset1/tiger/0726.jpg,dataset1/tiger/0726.jpg,tiger
/Users/vadimkotlarskij/Desktop/Python/Lab2/dataset1/tiger/0732.jpg,dataset1/tiger/0732.jpg,tiger
/Users/vadimkotlarskij/Desktop/Python/Lab2/dataset1/tiger/0054.jpg,dataset1/tiger/0054.jpg,tiger
/Users/vadimkotlarskij/Desktop/Python/Lab2/dataset1/tiger/0068.jpg,dataset1/tiger/0068.jpg,tiger
